bbl,aws_url
1000090001,https://aerial-videos-forrest.s3.us-east-2.amazonaws.com/1000090001_aerial.mp4
1000090014,https://aerial-videos-forrest.s3.us-east-2.amazonaws.com/1000090014_aerial.mp4
1000090029,https://aerial-videos-forrest.s3.us-east-2.amazonaws.com/1000090029_aerial.mp4
1000100014,https://aerial-videos-forrest.s3.us-east-2.amazonaws.com/1000100014_aerial.mp4
1000100016,https://aerial-videos-forrest.s3.us-east-2.amazonaws.com/1000100016_aerial.mp4
1000100023,https://aerial-videos-forrest.s3.us-east-2.amazonaws.com/1000100023_aerial.mp4
1000110021,https://aerial-videos-forrest.s3.us-east-2.amazonaws.com/1000110021_aerial.mp4
1000130001,https://aerial-videos-forrest.s3.us-east-2.amazonaws.com/1000130001_aerial.mp4
1000130005,https://aerial-videos-forrest.s3.us-east-2.amazonaws.com/1000130005_aerial.mp4
1000130027,https://aerial-videos-forrest.s3.us-east-2.amazonaws.com/1000130027_aerial.mp4
1000160120,https://aerial-videos-forrest.s3.us-east-2.amazonaws.com/1000160120_aerial.mp4
1000160125,https://aerial-videos-forrest.s3.us-east-2.amazonaws.com/1000160125_aerial.mp4
1000160140,https://aerial-videos-forrest.s3.us-east-2.amazonaws.com/1000160140_aerial.mp4
1000160150,https://aerial-videos-forrest.s3.us-east-2.amazonaws.com/1000160150_aerial.mp4
1000160225,https://aerial-videos-forrest.s3.us-east-2.amazonaws.com/1000160225_aerial.mp4
1000160260,https://aerial-videos-forrest.s3.us-east-2.amazonaws.com/1000160260_aerial.mp4
1000200001,https://aerial-videos-forrest.s3.us-east-2.amazonaws.com/1000200001_aerial.mp4
1000200004,https://aerial-videos-forrest.s3.us-east-2.amazonaws.com/1000200004_aerial.mp4
1000200009,https://aerial-videos-forrest.s3.us-east-2.amazonaws.com/1000200009_aerial.mp4
1000200016,https://aerial-videos-forrest.s3.us-east-2.amazonaws.com/1000200016_aerial.mp4
1000210001,https://aerial-videos-forrest.s3.us-east-2.amazonaws.com/1000210001_aerial.mp4
1000210004,https://aerial-videos-forrest.s3.us-east-2.amazonaws.com/1000210004_aerial.mp4
1000220013,https://aerial-videos-forrest.s3.us-east-2.amazonaws.com/1000220013_aerial.mp4
1000220017,https://aerial-videos-forrest.s3.us-east-2.amazonaws.com/1000220017_aerial.mp4
1000220020,https://aerial-videos-forrest.s3.us-east-2.amazonaws.com/1000220020_aerial.mp4
1000220024,https://aerial-videos-forrest.s3.us-east-2.amazonaws.com/1000220024_aerial.mp4
1000220028,https://aerial-videos-forrest.s3.us-east-2.amazonaws.com/1000220028_aerial.mp4
1000230019,https://aerial-videos-forrest.s3.us-east-2.amazonaws.com/1000230019_aerial.mp4
1000240001,https://aerial-videos-forrest.s3.us-east-2.amazonaws.com/1000240001_aerial.mp4
1000240029,https://aerial-videos-forrest.s3.us-east-2.amazonaws.com/1000240029_aerial.mp4
1000240036,https://aerial-videos-forrest.s3.us-east-2.amazonaws.com/1000240036_aerial.mp4
1000250001,https://aerial-videos-forrest.s3.us-east-2.amazonaws.com/1000250001_aerial.mp4
1000250027,https://aerial-videos-forrest.s3.us-east-2.amazonaws.com/1000250027_aerial.mp4
1000280012,https://aerial-videos-forrest.s3.us-east-2.amazonaws.com/1000280012_aerial.mp4
1000290001,https://aerial-videos-forrest.s3.us-east-2.amazonaws.com/1000290001_aerial.mp4
1000290036,https://aerial-videos-forrest.s3.us-east-2.amazonaws.com/1000290036_aerial.mp4
1000290070,https://aerial-videos-forrest.s3.us-east-2.amazonaws.com/1000290070_aerial.mp4
1000290073,https://aerial-videos-forrest.s3.us-east-2.amazonaws.com/1000290073_aerial.mp4
1000330001,https://aerial-videos-forrest.s3.us-east-2.amazonaws.com/1000330001_aerial.mp4
1000350001,https://aerial-videos-forrest.s3.us-east-2.amazonaws.com/1000350001_aerial.mp4
1000350010,https://aerial-videos-forrest.s3.us-east-2.amazonaws.com/1000350010_aerial.mp4
1000370001,https://aerial-videos-forrest.s3.us-east-2.amazonaws.com/1000370001_aerial.mp4
1000390012,https://aerial-videos-forrest.s3.us-east-2.amazonaws.com/1000390012_aerial.mp4
1000400003,https://aerial-videos-forrest.s3.us-east-2.amazonaws.com/1000400003_aerial.mp4
1000400014,https://aerial-videos-forrest.s3.us-east-2.amazonaws.com/1000400014_aerial.mp4
1000420031,https://aerial-videos-forrest.s3.us-east-2.amazonaws.com/1000420031_aerial.mp4
1000430001,https://aerial-videos-forrest.s3.us-east-2.amazonaws.com/1000430001_aerial.mp4
1000430002,https://aerial-videos-forrest.s3.us-east-2.amazonaws.com/1000430002_aerial.mp4
1000430005,https://aerial-videos-forrest.s3.us-east-2.amazonaws.com/1000430005_aerial.mp4
1000440001,https://aerial-videos-forrest.s3.us-east-2.amazonaws.com/1000440001_aerial.mp4
1000460001,https://aerial-videos-forrest.s3.us-east-2.amazonaws.com/1000460001_aerial.mp4
1000460009,https://aerial-videos-forrest.s3.us-east-2.amazonaws.com/1000460009_aerial.mp4
1000480001,https://aerial-videos-forrest.s3.us-east-2.amazonaws.com/1000480001_aerial.mp4
1000490002,https://aerial-videos-forrest.s3.us-east-2.amazonaws.com/1000490002_aerial.mp4
1000510001,https://aerial-videos-forrest.s3.us-east-2.amazonaws.com/1000510001_aerial.mp4
1000510007,https://aerial-videos-forrest.s3.us-east-2.amazonaws.com/1000510007_aerial.mp4
1000580001,https://aerial-videos-forrest.s3.us-east-2.amazonaws.com/1000580001_aerial.mp4
1000630003,https://aerial-videos-forrest.s3.us-east-2.amazonaws.com/1000630003_aerial.mp4
1000640012,https://aerial-videos-forrest.s3.us-east-2.amazonaws.com/1000640012_aerial.mp4
1000640015,https://aerial-videos-forrest.s3.us-east-2.amazonaws.com/1000640015_aerial.mp4
1000660001,https://aerial-videos-forrest.s3.us-east-2.amazonaws.com/1000660001_aerial.mp4
1000670001,https://aerial-videos-forrest.s3.us-east-2.amazonaws.com/1000670001_aerial.mp4
1000670023,https://aerial-videos-forrest.s3.us-east-2.amazonaws.com/1000670023_aerial.mp4
1000680036,https://aerial-videos-forrest.s3.us-east-2.amazonaws.com/1000680036_aerial.mp4
1000700043,https://aerial-videos-forrest.s3.us-east-2.amazonaws.com/1000700043_aerial.mp4
1000747501,https://aerial-videos-forrest.s3.us-east-2.amazonaws.com/1000747501_aerial.mp4
1000750021,https://aerial-videos-forrest.s3.us-east-2.amazonaws.com/1000750021_aerial.mp4
1000750030,https://aerial-videos-forrest.s3.us-east-2.amazonaws.com/1000750030_aerial.mp4
1000770008,https://aerial-videos-forrest.s3.us-east-2.amazonaws.com/1000770008_aerial.mp4
1000780004,https://aerial-videos-forrest.s3.us-east-2.amazonaws.com/1000780004_aerial.mp4
1000800001,https://aerial-videos-forrest.s3.us-east-2.amazonaws.com/1000800001_aerial.mp4
1000840036,https://aerial-videos-forrest.s3.us-east-2.amazonaws.com/1000840036_aerial.mp4
1000860001,https://aerial-videos-forrest.s3.us-east-2.amazonaws.com/1000860001_aerial.mp4
1000880001,https://aerial-videos-forrest.s3.us-east-2.amazonaws.com/1000880001_aerial.mp4
1000880010,https://aerial-videos-forrest.s3.us-east-2.amazonaws.com/1000880010_aerial.mp4
1000880018,https://aerial-videos-forrest.s3.us-east-2.amazonaws.com/1000880018_aerial.mp4
1000890001,https://aerial-videos-forrest.s3.us-east-2.amazonaws.com/1000890001_aerial.mp4
1000920024,https://aerial-videos-forrest.s3.us-east-2.amazonaws.com/1000920024_aerial.mp4
1000930001,https://aerial-videos-forrest.s3.us-east-2.amazonaws.com/1000930001_aerial.mp4
1000940025,https://aerial-videos-forrest.s3.us-east-2.amazonaws.com/1000940025_aerial.mp4
1001190001,https://aerial-videos-forrest.s3.us-east-2.amazonaws.com/1001190001_aerial.mp4
1001210001,https://aerial-videos-forrest.s3.us-east-2.amazonaws.com/1001210001_aerial.mp4
1001220001,https://aerial-videos-forrest.s3.us-east-2.amazonaws.com/1001220001_aerial.mp4
1001240004,https://aerial-videos-forrest.s3.us-east-2.amazonaws.com/1001240004_aerial.mp4
1001250020,https://aerial-videos-forrest.s3.us-east-2.amazonaws.com/1001250020_aerial.mp4
1001270018,https://aerial-videos-forrest.s3.us-east-2.amazonaws.com/1001270018_aerial.mp4
1001280002,https://aerial-videos-forrest.s3.us-east-2.amazonaws.com/1001280002_aerial.mp4
1001347501,https://aerial-videos-forrest.s3.us-east-2.amazonaws.com/1001347501_aerial.mp4
1001440040,https://aerial-videos-forrest.s3.us-east-2.amazonaws.com/1001440040_aerial.mp4
1001480010,https://aerial-videos-forrest.s3.us-east-2.amazonaws.com/1001480010_aerial.mp4
1001490033,https://aerial-videos-forrest.s3.us-east-2.amazonaws.com/1001490033_aerial.mp4
1001500031,https://aerial-videos-forrest.s3.us-east-2.amazonaws.com/1001500031_aerial.mp4
1001500038,https://aerial-videos-forrest.s3.us-east-2.amazonaws.com/1001500038_aerial.mp4
1001510032,https://aerial-videos-forrest.s3.us-east-2.amazonaws.com/1001510032_aerial.mp4
1001530001,https://aerial-videos-forrest.s3.us-east-2.amazonaws.com/1001530001_aerial.mp4
1001530024,https://aerial-videos-forrest.s3.us-east-2.amazonaws.com/1001530024_aerial.mp4
1001540023,https://aerial-videos-forrest.s3.us-east-2.amazonaws.com/1001540023_aerial.mp4
1001550001,https://aerial-videos-forrest.s3.us-east-2.amazonaws.com/1001550001_aerial.mp4
1001550003,https://aerial-videos-forrest.s3.us-east-2.amazonaws.com/1001550003_aerial.mp4
1001660027,https://aerial-videos-forrest.s3.us-east-2.amazonaws.com/1001660027_aerial.mp4
1001680032,https://aerial-videos-forrest.s3.us-east-2.amazonaws.com/1001680032_aerial.mp4
1001770002,https://aerial-videos-forrest.s3.us-east-2.amazonaws.com/1001770002_aerial.mp4
1001920001,https://aerial-videos-forrest.s3.us-east-2.amazonaws.com/1001920001_aerial.mp4
1001940042,https://aerial-videos-forrest.s3.us-east-2.amazonaws.com/1001940042_aerial.mp4
1001960005,https://aerial-videos-forrest.s3.us-east-2.amazonaws.com/1001960005_aerial.mp4
1001977502,https://aerial-videos-forrest.s3.us-east-2.amazonaws.com/1001977502_aerial.mp4
1002090028,https://aerial-videos-forrest.s3.us-east-2.amazonaws.com/1002090028_aerial.mp4
1002120018,https://aerial-videos-forrest.s3.us-east-2.amazonaws.com/1002120018_aerial.mp4
1002127504,https://aerial-videos-forrest.s3.us-east-2.amazonaws.com/1002127504_aerial.mp4
1002160001,https://aerial-videos-forrest.s3.us-east-2.amazonaws.com/1002160001_aerial.mp4
1002210030,https://aerial-videos-forrest.s3.us-east-2.amazonaws.com/1002210030_aerial.mp4
1002250008,https://aerial-videos-forrest.s3.us-east-2.amazonaws.com/1002250008_aerial.mp4
1002260001,https://aerial-videos-forrest.s3.us-east-2.amazonaws.com/1002260001_aerial.mp4
1002310035,https://aerial-videos-forrest.s3.us-east-2.amazonaws.com/1002310035_aerial.mp4
1002320001,https://aerial-videos-forrest.s3.us-east-2.amazonaws.com/1002320001_aerial.mp4
1002330026,https://aerial-videos-forrest.s3.us-east-2.amazonaws.com/1002330026_aerial.mp4
1004260029,https://aerial-videos-forrest.s3.us-east-2.amazonaws.com/1004260029_aerial.mp4
1004730001,https://aerial-videos-forrest.s3.us-east-2.amazonaws.com/1004730001_aerial.mp4
1004740030,https://aerial-videos-forrest.s3.us-east-2.amazonaws.com/1004740030_aerial.mp4
1004760007,https://aerial-videos-forrest.s3.us-east-2.amazonaws.com/1004760007_aerial.mp4
1004770011,https://aerial-videos-forrest.s3.us-east-2.amazonaws.com/1004770011_aerial.mp4
1004820016,https://aerial-videos-forrest.s3.us-east-2.amazonaws.com/1004820016_aerial.mp4
1004827504,https://aerial-videos-forrest.s3.us-east-2.amazonaws.com/1004827504_aerial.mp4
1004830017,https://aerial-videos-forrest.s3.us-east-2.amazonaws.com/1004830017_aerial.mp4
1004840024,https://aerial-videos-forrest.s3.us-east-2.amazonaws.com/1004840024_aerial.mp4
1004860011,https://aerial-videos-forrest.s3.us-east-2.amazonaws.com/1004860011_aerial.mp4
1004910046,https://aerial-videos-forrest.s3.us-east-2.amazonaws.com/1004910046_aerial.mp4
1004960036,https://aerial-videos-forrest.s3.us-east-2.amazonaws.com/1004960036_aerial.mp4
1004960040,https://aerial-videos-forrest.s3.us-east-2.amazonaws.com/1004960040_aerial.mp4
1004970001,https://aerial-videos-forrest.s3.us-east-2.amazonaws.com/1004970001_aerial.mp4
1004970018,https://aerial-videos-forrest.s3.us-east-2.amazonaws.com/1004970018_aerial.mp4
1004980009,https://aerial-videos-forrest.s3.us-east-2.amazonaws.com/1004980009_aerial.mp4
1004980011,https://aerial-videos-forrest.s3.us-east-2.amazonaws.com/1004980011_aerial.mp4
1004990007,https://aerial-videos-forrest.s3.us-east-2.amazonaws.com/1004990007_aerial.mp4
1005000011,https://aerial-videos-forrest.s3.us-east-2.amazonaws.com/1005000011_aerial.mp4
1005010015,https://aerial-videos-forrest.s3.us-east-2.amazonaws.com/1005010015_aerial.mp4
1005050001,https://aerial-videos-forrest.s3.us-east-2.amazonaws.com/1005050001_aerial.mp4
1005050036,https://aerial-videos-forrest.s3.us-east-2.amazonaws.com/1005050036_aerial.mp4
1005100001,https://aerial-videos-forrest.s3.us-east-2.amazonaws.com/1005100001_aerial.mp4
1005100038,https://aerial-videos-forrest.s3.us-east-2.amazonaws.com/1005100038_aerial.mp4
1005110001,https://aerial-videos-forrest.s3.us-east-2.amazonaws.com/1005110001_aerial.mp4
1005110006,https://aerial-videos-forrest.s3.us-east-2.amazonaws.com/1005110006_aerial.mp4
1005110008,https://aerial-videos-forrest.s3.us-east-2.amazonaws.com/1005110008_aerial.mp4
1005110012,https://aerial-videos-forrest.s3.us-east-2.amazonaws.com/1005110012_aerial.mp4
1005120015,https://aerial-videos-forrest.s3.us-east-2.amazonaws.com/1005120015_aerial.mp4
1005120023,https://aerial-videos-forrest.s3.us-east-2.amazonaws.com/1005120023_aerial.mp4
1005190070,https://aerial-videos-forrest.s3.us-east-2.amazonaws.com/1005190070_aerial.mp4
1005207503,https://aerial-videos-forrest.s3.us-east-2.amazonaws.com/1005207503_aerial.mp4
1005220001,https://aerial-videos-forrest.s3.us-east-2.amazonaws.com/1005220001_aerial.mp4
1005220010,https://aerial-videos-forrest.s3.us-east-2.amazonaws.com/1005220010_aerial.mp4
1005220012,https://aerial-videos-forrest.s3.us-east-2.amazonaws.com/1005220012_aerial.mp4
1005230044,https://aerial-videos-forrest.s3.us-east-2.amazonaws.com/1005230044_aerial.mp4
1005230046,https://aerial-videos-forrest.s3.us-east-2.amazonaws.com/1005230046_aerial.mp4
1005230048,https://aerial-videos-forrest.s3.us-east-2.amazonaws.com/1005230048_aerial.mp4
1005290072,https://aerial-videos-forrest.s3.us-east-2.amazonaws.com/1005290072_aerial.mp4
1005297501,https://aerial-videos-forrest.s3.us-east-2.amazonaws.com/1005297501_aerial.mp4
1005300001,https://aerial-videos-forrest.s3.us-east-2.amazonaws.com/1005300001_aerial.mp4
1005310020,https://aerial-videos-forrest.s3.us-east-2.amazonaws.com/1005310020_aerial.mp4
1005320015,https://aerial-videos-forrest.s3.us-east-2.amazonaws.com/1005320015_aerial.mp4
1005440001,https://aerial-videos-forrest.s3.us-east-2.amazonaws.com/1005440001_aerial.mp4
1005440008,https://aerial-videos-forrest.s3.us-east-2.amazonaws.com/1005440008_aerial.mp4
1005450006,https://aerial-videos-forrest.s3.us-east-2.amazonaws.com/1005450006_aerial.mp4
1005450015,https://aerial-videos-forrest.s3.us-east-2.amazonaws.com/1005450015_aerial.mp4
1005450026,https://aerial-videos-forrest.s3.us-east-2.amazonaws.com/1005450026_aerial.mp4
1005450053,https://aerial-videos-forrest.s3.us-east-2.amazonaws.com/1005450053_aerial.mp4
1005460021,https://aerial-videos-forrest.s3.us-east-2.amazonaws.com/1005460021_aerial.mp4
1005460026,https://aerial-videos-forrest.s3.us-east-2.amazonaws.com/1005460026_aerial.mp4
1005480009,https://aerial-videos-forrest.s3.us-east-2.amazonaws.com/1005480009_aerial.mp4
1005540001,https://aerial-videos-forrest.s3.us-east-2.amazonaws.com/1005540001_aerial.mp4
1005540035,https://aerial-videos-forrest.s3.us-east-2.amazonaws.com/1005540035_aerial.mp4
1005590016,https://aerial-videos-forrest.s3.us-east-2.amazonaws.com/1005590016_aerial.mp4
1005630001,https://aerial-videos-forrest.s3.us-east-2.amazonaws.com/1005630001_aerial.mp4
1005630031,https://aerial-videos-forrest.s3.us-east-2.amazonaws.com/1005630031_aerial.mp4
1005630046,https://aerial-videos-forrest.s3.us-east-2.amazonaws.com/1005630046_aerial.mp4
1005640007,https://aerial-videos-forrest.s3.us-east-2.amazonaws.com/1005640007_aerial.mp4
1005640034,https://aerial-videos-forrest.s3.us-east-2.amazonaws.com/1005640034_aerial.mp4
1005650015,https://aerial-videos-forrest.s3.us-east-2.amazonaws.com/1005650015_aerial.mp4
1005760046,https://aerial-videos-forrest.s3.us-east-2.amazonaws.com/1005760046_aerial.mp4
1005770019,https://aerial-videos-forrest.s3.us-east-2.amazonaws.com/1005770019_aerial.mp4
1005770034,https://aerial-videos-forrest.s3.us-east-2.amazonaws.com/1005770034_aerial.mp4
1005770039,https://aerial-videos-forrest.s3.us-east-2.amazonaws.com/1005770039_aerial.mp4
1005770071,https://aerial-videos-forrest.s3.us-east-2.amazonaws.com/1005770071_aerial.mp4
1005780047,https://aerial-videos-forrest.s3.us-east-2.amazonaws.com/1005780047_aerial.mp4
1005780067,https://aerial-videos-forrest.s3.us-east-2.amazonaws.com/1005780067_aerial.mp4
1005790047,https://aerial-videos-forrest.s3.us-east-2.amazonaws.com/1005790047_aerial.mp4
1005800039,https://aerial-videos-forrest.s3.us-east-2.amazonaws.com/1005800039_aerial.mp4
1005800065,https://aerial-videos-forrest.s3.us-east-2.amazonaws.com/1005800065_aerial.mp4
1005810063,https://aerial-videos-forrest.s3.us-east-2.amazonaws.com/1005810063_aerial.mp4
1005970001,https://aerial-videos-forrest.s3.us-east-2.amazonaws.com/1005970001_aerial.mp4
1005970012,https://aerial-videos-forrest.s3.us-east-2.amazonaws.com/1005970012_aerial.mp4
1005970055,https://aerial-videos-forrest.s3.us-east-2.amazonaws.com/1005970055_aerial.mp4
1005970062,https://aerial-videos-forrest.s3.us-east-2.amazonaws.com/1005970062_aerial.mp4
1005980042,https://aerial-videos-forrest.s3.us-east-2.amazonaws.com/1005980042_aerial.mp4
1005980058,https://aerial-videos-forrest.s3.us-east-2.amazonaws.com/1005980058_aerial.mp4
1005990064,https://aerial-videos-forrest.s3.us-east-2.amazonaws.com/1005990064_aerial.mp4
1006010047,https://aerial-videos-forrest.s3.us-east-2.amazonaws.com/1006010047_aerial.mp4
1006020036,https://aerial-videos-forrest.s3.us-east-2.amazonaws.com/1006020036_aerial.mp4
1006020068,https://aerial-videos-forrest.s3.us-east-2.amazonaws.com/1006020068_aerial.mp4
1006030028,https://aerial-videos-forrest.s3.us-east-2.amazonaws.com/1006030028_aerial.mp4
1006090007,https://aerial-videos-forrest.s3.us-east-2.amazonaws.com/1006090007_aerial.mp4
1006270043,https://aerial-videos-forrest.s3.us-east-2.amazonaws.com/1006270043_aerial.mp4
1006450029,https://aerial-videos-forrest.s3.us-east-2.amazonaws.com/1006450029_aerial.mp4
1006460001,https://aerial-videos-forrest.s3.us-east-2.amazonaws.com/1006460001_aerial.mp4
1006460019,https://aerial-videos-forrest.s3.us-east-2.amazonaws.com/1006460019_aerial.mp4
1006460027,https://aerial-videos-forrest.s3.us-east-2.amazonaws.com/1006460027_aerial.mp4
1006620003,https://aerial-videos-forrest.s3.us-east-2.amazonaws.com/1006620003_aerial.mp4
1006720001,https://aerial-videos-forrest.s3.us-east-2.amazonaws.com/1006720001_aerial.mp4
1006730001,https://aerial-videos-forrest.s3.us-east-2.amazonaws.com/1006730001_aerial.mp4
1006870029,https://aerial-videos-forrest.s3.us-east-2.amazonaws.com/1006870029_aerial.mp4
1006900012,https://aerial-videos-forrest.s3.us-east-2.amazonaws.com/1006900012_aerial.mp4
1006910043,https://aerial-videos-forrest.s3.us-east-2.amazonaws.com/1006910043_aerial.mp4
1006920015,https://aerial-videos-forrest.s3.us-east-2.amazonaws.com/1006920015_aerial.mp4
1006920019,https://aerial-videos-forrest.s3.us-east-2.amazonaws.com/1006920019_aerial.mp4
1006920023,https://aerial-videos-forrest.s3.us-east-2.amazonaws.com/1006920023_aerial.mp4
1006960065,https://aerial-videos-forrest.s3.us-east-2.amazonaws.com/1006960065_aerial.mp4
1006970013,https://aerial-videos-forrest.s3.us-east-2.amazonaws.com/1006970013_aerial.mp4
1006970023,https://aerial-videos-forrest.s3.us-east-2.amazonaws.com/1006970023_aerial.mp4
1006970047,https://aerial-videos-forrest.s3.us-east-2.amazonaws.com/1006970047_aerial.mp4
1006970056,https://aerial-videos-forrest.s3.us-east-2.amazonaws.com/1006970056_aerial.mp4
1006980001,https://aerial-videos-forrest.s3.us-east-2.amazonaws.com/1006980001_aerial.mp4
1006990005,https://aerial-videos-forrest.s3.us-east-2.amazonaws.com/1006990005_aerial.mp4
1007020010,https://aerial-videos-forrest.s3.us-east-2.amazonaws.com/1007020010_aerial.mp4
1007027501,https://aerial-videos-forrest.s3.us-east-2.amazonaws.com/1007027501_aerial.mp4
1007050001,https://aerial-videos-forrest.s3.us-east-2.amazonaws.com/1007050001_aerial.mp4
1007050039,https://aerial-videos-forrest.s3.us-east-2.amazonaws.com/1007050039_aerial.mp4
1007060017,https://aerial-videos-forrest.s3.us-east-2.amazonaws.com/1007060017_aerial.mp4
1007080031,https://aerial-videos-forrest.s3.us-east-2.amazonaws.com/1007080031_aerial.mp4
1007080037,https://aerial-videos-forrest.s3.us-east-2.amazonaws.com/1007080037_aerial.mp4
1007120001,https://aerial-videos-forrest.s3.us-east-2.amazonaws.com/1007120001_aerial.mp4
1007120029,https://aerial-videos-forrest.s3.us-east-2.amazonaws.com/1007120029_aerial.mp4
1007120036,https://aerial-videos-forrest.s3.us-east-2.amazonaws.com/1007120036_aerial.mp4
1007120038,https://aerial-videos-forrest.s3.us-east-2.amazonaws.com/1007120038_aerial.mp4
1007120042,https://aerial-videos-forrest.s3.us-east-2.amazonaws.com/1007120042_aerial.mp4
1007120046,https://aerial-videos-forrest.s3.us-east-2.amazonaws.com/1007120046_aerial.mp4
1007130001,https://aerial-videos-forrest.s3.us-east-2.amazonaws.com/1007130001_aerial.mp4
1007280060,https://aerial-videos-forrest.s3.us-east-2.amazonaws.com/1007280060_aerial.mp4
1007290163,https://aerial-videos-forrest.s3.us-east-2.amazonaws.com/1007290163_aerial.mp4
1007297504,https://aerial-videos-forrest.s3.us-east-2.amazonaws.com/1007297504_aerial.mp4
1007310001,https://aerial-videos-forrest.s3.us-east-2.amazonaws.com/1007310001_aerial.mp4
1007390001,https://aerial-videos-forrest.s3.us-east-2.amazonaws.com/1007390001_aerial.mp4
1007540078,https://aerial-videos-forrest.s3.us-east-2.amazonaws.com/1007540078_aerial.mp4
1007570031,https://aerial-videos-forrest.s3.us-east-2.amazonaws.com/1007570031_aerial.mp4
1007570054,https://aerial-videos-forrest.s3.us-east-2.amazonaws.com/1007570054_aerial.mp4
1007587501,https://aerial-videos-forrest.s3.us-east-2.amazonaws.com/1007587501_aerial.mp4
1007590031,https://aerial-videos-forrest.s3.us-east-2.amazonaws.com/1007590031_aerial.mp4
1007590037,https://aerial-videos-forrest.s3.us-east-2.amazonaws.com/1007590037_aerial.mp4
1007590045,https://aerial-videos-forrest.s3.us-east-2.amazonaws.com/1007590045_aerial.mp4
1007600012,https://aerial-videos-forrest.s3.us-east-2.amazonaws.com/1007600012_aerial.mp4
1007600032,https://aerial-videos-forrest.s3.us-east-2.amazonaws.com/1007600032_aerial.mp4
1007600043,https://aerial-videos-forrest.s3.us-east-2.amazonaws.com/1007600043_aerial.mp4
1007600055,https://aerial-videos-forrest.s3.us-east-2.amazonaws.com/1007600055_aerial.mp4
1007600063,https://aerial-videos-forrest.s3.us-east-2.amazonaws.com/1007600063_aerial.mp4
1007610033,https://aerial-videos-forrest.s3.us-east-2.amazonaws.com/1007610033_aerial.mp4
1007610037,https://aerial-videos-forrest.s3.us-east-2.amazonaws.com/1007610037_aerial.mp4
1007610053,https://aerial-videos-forrest.s3.us-east-2.amazonaws.com/1007610053_aerial.mp4
1007620019,https://aerial-videos-forrest.s3.us-east-2.amazonaws.com/1007620019_aerial.mp4
1007620033,https://aerial-videos-forrest.s3.us-east-2.amazonaws.com/1007620033_aerial.mp4
1007620042,https://aerial-videos-forrest.s3.us-east-2.amazonaws.com/1007620042_aerial.mp4
1007627503,https://aerial-videos-forrest.s3.us-east-2.amazonaws.com/1007627503_aerial.mp4
1007630018,https://aerial-videos-forrest.s3.us-east-2.amazonaws.com/1007630018_aerial.mp4
1007630049,https://aerial-videos-forrest.s3.us-east-2.amazonaws.com/1007630049_aerial.mp4
1007640001,https://aerial-videos-forrest.s3.us-east-2.amazonaws.com/1007640001_aerial.mp4
1007660061,https://aerial-videos-forrest.s3.us-east-2.amazonaws.com/1007660061_aerial.mp4
1007670012,https://aerial-videos-forrest.s3.us-east-2.amazonaws.com/1007670012_aerial.mp4
1007670015,https://aerial-videos-forrest.s3.us-east-2.amazonaws.com/1007670015_aerial.mp4
1007670054,https://aerial-videos-forrest.s3.us-east-2.amazonaws.com/1007670054_aerial.mp4
1007680050,https://aerial-videos-forrest.s3.us-east-2.amazonaws.com/1007680050_aerial.mp4
1007750058,https://aerial-videos-forrest.s3.us-east-2.amazonaws.com/1007750058_aerial.mp4
1007760001,https://aerial-videos-forrest.s3.us-east-2.amazonaws.com/1007760001_aerial.mp4
1007760059,https://aerial-videos-forrest.s3.us-east-2.amazonaws.com/1007760059_aerial.mp4
1007780020,https://aerial-videos-forrest.s3.us-east-2.amazonaws.com/1007780020_aerial.mp4
1007780036,https://aerial-videos-forrest.s3.us-east-2.amazonaws.com/1007780036_aerial.mp4
1007780043,https://aerial-videos-forrest.s3.us-east-2.amazonaws.com/1007780043_aerial.mp4
1007780048,https://aerial-videos-forrest.s3.us-east-2.amazonaws.com/1007780048_aerial.mp4
1007790013,https://aerial-videos-forrest.s3.us-east-2.amazonaws.com/1007790013_aerial.mp4
1007790017,https://aerial-videos-forrest.s3.us-east-2.amazonaws.com/1007790017_aerial.mp4
1007790039,https://aerial-videos-forrest.s3.us-east-2.amazonaws.com/1007790039_aerial.mp4
1007790041,https://aerial-videos-forrest.s3.us-east-2.amazonaws.com/1007790041_aerial.mp4
1007790049,https://aerial-videos-forrest.s3.us-east-2.amazonaws.com/1007790049_aerial.mp4
1007790057,https://aerial-videos-forrest.s3.us-east-2.amazonaws.com/1007790057_aerial.mp4
1007790066,https://aerial-videos-forrest.s3.us-east-2.amazonaws.com/1007790066_aerial.mp4
1007790075,https://aerial-videos-forrest.s3.us-east-2.amazonaws.com/1007790075_aerial.mp4
1007800007,https://aerial-videos-forrest.s3.us-east-2.amazonaws.com/1007800007_aerial.mp4
1007800010,https://aerial-videos-forrest.s3.us-east-2.amazonaws.com/1007800010_aerial.mp4
1007800013,https://aerial-videos-forrest.s3.us-east-2.amazonaws.com/1007800013_aerial.mp4
1007800036,https://aerial-videos-forrest.s3.us-east-2.amazonaws.com/1007800036_aerial.mp4
1007800071,https://aerial-videos-forrest.s3.us-east-2.amazonaws.com/1007800071_aerial.mp4
1007819002,https://aerial-videos-forrest.s3.us-east-2.amazonaws.com/1007819002_aerial.mp4
1007830070,https://aerial-videos-forrest.s3.us-east-2.amazonaws.com/1007830070_aerial.mp4
1007840019,https://aerial-videos-forrest.s3.us-east-2.amazonaws.com/1007840019_aerial.mp4
1007840041,https://aerial-videos-forrest.s3.us-east-2.amazonaws.com/1007840041_aerial.mp4
1007840051,https://aerial-videos-forrest.s3.us-east-2.amazonaws.com/1007840051_aerial.mp4
1007840060,https://aerial-videos-forrest.s3.us-east-2.amazonaws.com/1007840060_aerial.mp4
1007840064,https://aerial-videos-forrest.s3.us-east-2.amazonaws.com/1007840064_aerial.mp4
1007840077,https://aerial-videos-forrest.s3.us-east-2.amazonaws.com/1007840077_aerial.mp4
1007850001,https://aerial-videos-forrest.s3.us-east-2.amazonaws.com/1007850001_aerial.mp4
1007850007,https://aerial-videos-forrest.s3.us-east-2.amazonaws.com/1007850007_aerial.mp4
1007850025,https://aerial-videos-forrest.s3.us-east-2.amazonaws.com/1007850025_aerial.mp4
1007850029,https://aerial-videos-forrest.s3.us-east-2.amazonaws.com/1007850029_aerial.mp4
1007850037,https://aerial-videos-forrest.s3.us-east-2.amazonaws.com/1007850037_aerial.mp4
1007850041,https://aerial-videos-forrest.s3.us-east-2.amazonaws.com/1007850041_aerial.mp4
1007850067,https://aerial-videos-forrest.s3.us-east-2.amazonaws.com/1007850067_aerial.mp4
1007850075,https://aerial-videos-forrest.s3.us-east-2.amazonaws.com/1007850075_aerial.mp4
1007860001,https://aerial-videos-forrest.s3.us-east-2.amazonaws.com/1007860001_aerial.mp4
1007860013,https://aerial-videos-forrest.s3.us-east-2.amazonaws.com/1007860013_aerial.mp4
1007860023,https://aerial-videos-forrest.s3.us-east-2.amazonaws.com/1007860023_aerial.mp4
1007860051,https://aerial-videos-forrest.s3.us-east-2.amazonaws.com/1007860051_aerial.mp4
1007860064,https://aerial-videos-forrest.s3.us-east-2.amazonaws.com/1007860064_aerial.mp4
1007860068,https://aerial-videos-forrest.s3.us-east-2.amazonaws.com/1007860068_aerial.mp4
1007860076,https://aerial-videos-forrest.s3.us-east-2.amazonaws.com/1007860076_aerial.mp4
1007870001,https://aerial-videos-forrest.s3.us-east-2.amazonaws.com/1007870001_aerial.mp4
1007870011,https://aerial-videos-forrest.s3.us-east-2.amazonaws.com/1007870011_aerial.mp4
1007870020,https://aerial-videos-forrest.s3.us-east-2.amazonaws.com/1007870020_aerial.mp4
1007870025,https://aerial-videos-forrest.s3.us-east-2.amazonaws.com/1007870025_aerial.mp4
1007870040,https://aerial-videos-forrest.s3.us-east-2.amazonaws.com/1007870040_aerial.mp4
1007870044,https://aerial-videos-forrest.s3.us-east-2.amazonaws.com/1007870044_aerial.mp4
1007870059,https://aerial-videos-forrest.s3.us-east-2.amazonaws.com/1007870059_aerial.mp4
1007870067,https://aerial-videos-forrest.s3.us-east-2.amazonaws.com/1007870067_aerial.mp4
1007870072,https://aerial-videos-forrest.s3.us-east-2.amazonaws.com/1007870072_aerial.mp4
1007870076,https://aerial-videos-forrest.s3.us-east-2.amazonaws.com/1007870076_aerial.mp4
1007880037,https://aerial-videos-forrest.s3.us-east-2.amazonaws.com/1007880037_aerial.mp4
1007880049,https://aerial-videos-forrest.s3.us-east-2.amazonaws.com/1007880049_aerial.mp4
1007880066,https://aerial-videos-forrest.s3.us-east-2.amazonaws.com/1007880066_aerial.mp4
1007880078,https://aerial-videos-forrest.s3.us-east-2.amazonaws.com/1007880078_aerial.mp4
1007887501,https://aerial-videos-forrest.s3.us-east-2.amazonaws.com/1007887501_aerial.mp4
1007890009,https://aerial-videos-forrest.s3.us-east-2.amazonaws.com/1007890009_aerial.mp4
1007890021,https://aerial-videos-forrest.s3.us-east-2.amazonaws.com/1007890021_aerial.mp4
1007890030,https://aerial-videos-forrest.s3.us-east-2.amazonaws.com/1007890030_aerial.mp4
1007890036,https://aerial-videos-forrest.s3.us-east-2.amazonaws.com/1007890036_aerial.mp4
1007890052,https://aerial-videos-forrest.s3.us-east-2.amazonaws.com/1007890052_aerial.mp4
1007890075,https://aerial-videos-forrest.s3.us-east-2.amazonaws.com/1007890075_aerial.mp4
1007940017,https://aerial-videos-forrest.s3.us-east-2.amazonaws.com/1007940017_aerial.mp4
1007940025,https://aerial-videos-forrest.s3.us-east-2.amazonaws.com/1007940025_aerial.mp4
1007940030,https://aerial-videos-forrest.s3.us-east-2.amazonaws.com/1007940030_aerial.mp4
1007950028,https://aerial-videos-forrest.s3.us-east-2.amazonaws.com/1007950028_aerial.mp4
1007950037,https://aerial-videos-forrest.s3.us-east-2.amazonaws.com/1007950037_aerial.mp4
1007950044,https://aerial-videos-forrest.s3.us-east-2.amazonaws.com/1007950044_aerial.mp4
1007970037,https://aerial-videos-forrest.s3.us-east-2.amazonaws.com/1007970037_aerial.mp4
1007970054,https://aerial-videos-forrest.s3.us-east-2.amazonaws.com/1007970054_aerial.mp4
1007990012,https://aerial-videos-forrest.s3.us-east-2.amazonaws.com/1007990012_aerial.mp4
1007990028,https://aerial-videos-forrest.s3.us-east-2.amazonaws.com/1007990028_aerial.mp4
1008000025,https://aerial-videos-forrest.s3.us-east-2.amazonaws.com/1008000025_aerial.mp4
1008000061,https://aerial-videos-forrest.s3.us-east-2.amazonaws.com/1008000061_aerial.mp4
1008000065,https://aerial-videos-forrest.s3.us-east-2.amazonaws.com/1008000065_aerial.mp4
1008000068,https://aerial-videos-forrest.s3.us-east-2.amazonaws.com/1008000068_aerial.mp4
1008010001,https://aerial-videos-forrest.s3.us-east-2.amazonaws.com/1008010001_aerial.mp4
1008010008,https://aerial-videos-forrest.s3.us-east-2.amazonaws.com/1008010008_aerial.mp4
1008010024,https://aerial-videos-forrest.s3.us-east-2.amazonaws.com/1008010024_aerial.mp4
1008010051,https://aerial-videos-forrest.s3.us-east-2.amazonaws.com/1008010051_aerial.mp4
1008010055,https://aerial-videos-forrest.s3.us-east-2.amazonaws.com/1008010055_aerial.mp4
1008010061,https://aerial-videos-forrest.s3.us-east-2.amazonaws.com/1008010061_aerial.mp4
1008020008,https://aerial-videos-forrest.s3.us-east-2.amazonaws.com/1008020008_aerial.mp4
1008020022,https://aerial-videos-forrest.s3.us-east-2.amazonaws.com/1008020022_aerial.mp4
1008020056,https://aerial-videos-forrest.s3.us-east-2.amazonaws.com/1008020056_aerial.mp4
1008020075,https://aerial-videos-forrest.s3.us-east-2.amazonaws.com/1008020075_aerial.mp4
1008030004,https://aerial-videos-forrest.s3.us-east-2.amazonaws.com/1008030004_aerial.mp4
1008030007,https://aerial-videos-forrest.s3.us-east-2.amazonaws.com/1008030007_aerial.mp4
1008030018,https://aerial-videos-forrest.s3.us-east-2.amazonaws.com/1008030018_aerial.mp4
1008030021,https://aerial-videos-forrest.s3.us-east-2.amazonaws.com/1008030021_aerial.mp4
1008030067,https://aerial-videos-forrest.s3.us-east-2.amazonaws.com/1008030067_aerial.mp4
1008040001,https://aerial-videos-forrest.s3.us-east-2.amazonaws.com/1008040001_aerial.mp4
1008040011,https://aerial-videos-forrest.s3.us-east-2.amazonaws.com/1008040011_aerial.mp4
1008040044,https://aerial-videos-forrest.s3.us-east-2.amazonaws.com/1008040044_aerial.mp4
1008050003,https://aerial-videos-forrest.s3.us-east-2.amazonaws.com/1008050003_aerial.mp4
1008050019,https://aerial-videos-forrest.s3.us-east-2.amazonaws.com/1008050019_aerial.mp4
1008050022,https://aerial-videos-forrest.s3.us-east-2.amazonaws.com/1008050022_aerial.mp4
1008050039,https://aerial-videos-forrest.s3.us-east-2.amazonaws.com/1008050039_aerial.mp4
1008050094,https://aerial-videos-forrest.s3.us-east-2.amazonaws.com/1008050094_aerial.mp4
1008060001,https://aerial-videos-forrest.s3.us-east-2.amazonaws.com/1008060001_aerial.mp4
1008060006,https://aerial-videos-forrest.s3.us-east-2.amazonaws.com/1008060006_aerial.mp4
1008060009,https://aerial-videos-forrest.s3.us-east-2.amazonaws.com/1008060009_aerial.mp4
1008060026,https://aerial-videos-forrest.s3.us-east-2.amazonaws.com/1008060026_aerial.mp4
1008060058,https://aerial-videos-forrest.s3.us-east-2.amazonaws.com/1008060058_aerial.mp4
1008070001,https://aerial-videos-forrest.s3.us-east-2.amazonaws.com/1008070001_aerial.mp4
1008070028,https://aerial-videos-forrest.s3.us-east-2.amazonaws.com/1008070028_aerial.mp4
1008070039,https://aerial-videos-forrest.s3.us-east-2.amazonaws.com/1008070039_aerial.mp4
1008080040,https://aerial-videos-forrest.s3.us-east-2.amazonaws.com/1008080040_aerial.mp4
1008090053,https://aerial-videos-forrest.s3.us-east-2.amazonaws.com/1008090053_aerial.mp4
1008110001,https://aerial-videos-forrest.s3.us-east-2.amazonaws.com/1008110001_aerial.mp4
1008110010,https://aerial-videos-forrest.s3.us-east-2.amazonaws.com/1008110010_aerial.mp4
1008110016,https://aerial-videos-forrest.s3.us-east-2.amazonaws.com/1008110016_aerial.mp4
1008110021,https://aerial-videos-forrest.s3.us-east-2.amazonaws.com/1008110021_aerial.mp4
1008110031,https://aerial-videos-forrest.s3.us-east-2.amazonaws.com/1008110031_aerial.mp4
1008110051,https://aerial-videos-forrest.s3.us-east-2.amazonaws.com/1008110051_aerial.mp4
1008110056,https://aerial-videos-forrest.s3.us-east-2.amazonaws.com/1008110056_aerial.mp4
1008110062,https://aerial-videos-forrest.s3.us-east-2.amazonaws.com/1008110062_aerial.mp4
1008117501,https://aerial-videos-forrest.s3.us-east-2.amazonaws.com/1008117501_aerial.mp4
1008120006,https://aerial-videos-forrest.s3.us-east-2.amazonaws.com/1008120006_aerial.mp4
1008120016,https://aerial-videos-forrest.s3.us-east-2.amazonaws.com/1008120016_aerial.mp4
1008120019,https://aerial-videos-forrest.s3.us-east-2.amazonaws.com/1008120019_aerial.mp4
1008120022,https://aerial-videos-forrest.s3.us-east-2.amazonaws.com/1008120022_aerial.mp4
1008120029,https://aerial-videos-forrest.s3.us-east-2.amazonaws.com/1008120029_aerial.mp4
1008120049,https://aerial-videos-forrest.s3.us-east-2.amazonaws.com/1008120049_aerial.mp4
1008120063,https://aerial-videos-forrest.s3.us-east-2.amazonaws.com/1008120063_aerial.mp4
1008120069,https://aerial-videos-forrest.s3.us-east-2.amazonaws.com/1008120069_aerial.mp4
1008130001,https://aerial-videos-forrest.s3.us-east-2.amazonaws.com/1008130001_aerial.mp4
1008130023,https://aerial-videos-forrest.s3.us-east-2.amazonaws.com/1008130023_aerial.mp4
1008130031,https://aerial-videos-forrest.s3.us-east-2.amazonaws.com/1008130031_aerial.mp4
1008130050,https://aerial-videos-forrest.s3.us-east-2.amazonaws.com/1008130050_aerial.mp4
1008130055,https://aerial-videos-forrest.s3.us-east-2.amazonaws.com/1008130055_aerial.mp4
1008140001,https://aerial-videos-forrest.s3.us-east-2.amazonaws.com/1008140001_aerial.mp4
1008140015,https://aerial-videos-forrest.s3.us-east-2.amazonaws.com/1008140015_aerial.mp4
1008140019,https://aerial-videos-forrest.s3.us-east-2.amazonaws.com/1008140019_aerial.mp4
1008140046,https://aerial-videos-forrest.s3.us-east-2.amazonaws.com/1008140046_aerial.mp4
1008140052,https://aerial-videos-forrest.s3.us-east-2.amazonaws.com/1008140052_aerial.mp4
1008150001,https://aerial-videos-forrest.s3.us-east-2.amazonaws.com/1008150001_aerial.mp4
1008150014,https://aerial-videos-forrest.s3.us-east-2.amazonaws.com/1008150014_aerial.mp4
1008150021,https://aerial-videos-forrest.s3.us-east-2.amazonaws.com/1008150021_aerial.mp4
1008150026,https://aerial-videos-forrest.s3.us-east-2.amazonaws.com/1008150026_aerial.mp4
1008150039,https://aerial-videos-forrest.s3.us-east-2.amazonaws.com/1008150039_aerial.mp4
1008150046,https://aerial-videos-forrest.s3.us-east-2.amazonaws.com/1008150046_aerial.mp4
1008160037,https://aerial-videos-forrest.s3.us-east-2.amazonaws.com/1008160037_aerial.mp4
1008177502,https://aerial-videos-forrest.s3.us-east-2.amazonaws.com/1008177502_aerial.mp4
1008180041,https://aerial-videos-forrest.s3.us-east-2.amazonaws.com/1008180041_aerial.mp4
1008180051,https://aerial-videos-forrest.s3.us-east-2.amazonaws.com/1008180051_aerial.mp4
1008180066,https://aerial-videos-forrest.s3.us-east-2.amazonaws.com/1008180066_aerial.mp4
1008190010,https://aerial-videos-forrest.s3.us-east-2.amazonaws.com/1008190010_aerial.mp4
1008190037,https://aerial-videos-forrest.s3.us-east-2.amazonaws.com/1008190037_aerial.mp4
1008190039,https://aerial-videos-forrest.s3.us-east-2.amazonaws.com/1008190039_aerial.mp4
1008190044,https://aerial-videos-forrest.s3.us-east-2.amazonaws.com/1008190044_aerial.mp4
1008190056,https://aerial-videos-forrest.s3.us-east-2.amazonaws.com/1008190056_aerial.mp4
1008200026,https://aerial-videos-forrest.s3.us-east-2.amazonaws.com/1008200026_aerial.mp4
1008200038,https://aerial-videos-forrest.s3.us-east-2.amazonaws.com/1008200038_aerial.mp4
1008210014,https://aerial-videos-forrest.s3.us-east-2.amazonaws.com/1008210014_aerial.mp4
1008210032,https://aerial-videos-forrest.s3.us-east-2.amazonaws.com/1008210032_aerial.mp4
1008210038,https://aerial-videos-forrest.s3.us-east-2.amazonaws.com/1008210038_aerial.mp4
1008210041,https://aerial-videos-forrest.s3.us-east-2.amazonaws.com/1008210041_aerial.mp4
1008210055,https://aerial-videos-forrest.s3.us-east-2.amazonaws.com/1008210055_aerial.mp4
1008217501,https://aerial-videos-forrest.s3.us-east-2.amazonaws.com/1008217501_aerial.mp4
1008220009,https://aerial-videos-forrest.s3.us-east-2.amazonaws.com/1008220009_aerial.mp4
1008220015,https://aerial-videos-forrest.s3.us-east-2.amazonaws.com/1008220015_aerial.mp4
1008220031,https://aerial-videos-forrest.s3.us-east-2.amazonaws.com/1008220031_aerial.mp4
1008220049,https://aerial-videos-forrest.s3.us-east-2.amazonaws.com/1008220049_aerial.mp4
1008220052,https://aerial-videos-forrest.s3.us-east-2.amazonaws.com/1008220052_aerial.mp4
1008220054,https://aerial-videos-forrest.s3.us-east-2.amazonaws.com/1008220054_aerial.mp4
1008220058,https://aerial-videos-forrest.s3.us-east-2.amazonaws.com/1008220058_aerial.mp4
1008220062,https://aerial-videos-forrest.s3.us-east-2.amazonaws.com/1008220062_aerial.mp4
1008220070,https://aerial-videos-forrest.s3.us-east-2.amazonaws.com/1008220070_aerial.mp4
1008227507,https://aerial-videos-forrest.s3.us-east-2.amazonaws.com/1008227507_aerial.mp4
1008230024,https://aerial-videos-forrest.s3.us-east-2.amazonaws.com/1008230024_aerial.mp4
1008230029,https://aerial-videos-forrest.s3.us-east-2.amazonaws.com/1008230029_aerial.mp4
1008230055,https://aerial-videos-forrest.s3.us-east-2.amazonaws.com/1008230055_aerial.mp4
1008230073,https://aerial-videos-forrest.s3.us-east-2.amazonaws.com/1008230073_aerial.mp4
1008240015,https://aerial-videos-forrest.s3.us-east-2.amazonaws.com/1008240015_aerial.mp4
1008240028,https://aerial-videos-forrest.s3.us-east-2.amazonaws.com/1008240028_aerial.mp4
1008240032,https://aerial-videos-forrest.s3.us-east-2.amazonaws.com/1008240032_aerial.mp4
1008250012,https://aerial-videos-forrest.s3.us-east-2.amazonaws.com/1008250012_aerial.mp4
1008250017,https://aerial-videos-forrest.s3.us-east-2.amazonaws.com/1008250017_aerial.mp4
1008250031,https://aerial-videos-forrest.s3.us-east-2.amazonaws.com/1008250031_aerial.mp4
1008260019,https://aerial-videos-forrest.s3.us-east-2.amazonaws.com/1008260019_aerial.mp4
1008260026,https://aerial-videos-forrest.s3.us-east-2.amazonaws.com/1008260026_aerial.mp4
1008260046,https://aerial-videos-forrest.s3.us-east-2.amazonaws.com/1008260046_aerial.mp4
1008260057,https://aerial-videos-forrest.s3.us-east-2.amazonaws.com/1008260057_aerial.mp4
1008260065,https://aerial-videos-forrest.s3.us-east-2.amazonaws.com/1008260065_aerial.mp4
1008260069,https://aerial-videos-forrest.s3.us-east-2.amazonaws.com/1008260069_aerial.mp4
1008270008,https://aerial-videos-forrest.s3.us-east-2.amazonaws.com/1008270008_aerial.mp4
1008270028,https://aerial-videos-forrest.s3.us-east-2.amazonaws.com/1008270028_aerial.mp4
1008270049,https://aerial-videos-forrest.s3.us-east-2.amazonaws.com/1008270049_aerial.mp4
1008270064,https://aerial-videos-forrest.s3.us-east-2.amazonaws.com/1008270064_aerial.mp4
1008280009,https://aerial-videos-forrest.s3.us-east-2.amazonaws.com/1008280009_aerial.mp4
1008280033,https://aerial-videos-forrest.s3.us-east-2.amazonaws.com/1008280033_aerial.mp4
1008280035,https://aerial-videos-forrest.s3.us-east-2.amazonaws.com/1008280035_aerial.mp4
1008280041,https://aerial-videos-forrest.s3.us-east-2.amazonaws.com/1008280041_aerial.mp4
1008280056,https://aerial-videos-forrest.s3.us-east-2.amazonaws.com/1008280056_aerial.mp4
1008290007,https://aerial-videos-forrest.s3.us-east-2.amazonaws.com/1008290007_aerial.mp4
1008290011,https://aerial-videos-forrest.s3.us-east-2.amazonaws.com/1008290011_aerial.mp4
1008290016,https://aerial-videos-forrest.s3.us-east-2.amazonaws.com/1008290016_aerial.mp4
1008290032,https://aerial-videos-forrest.s3.us-east-2.amazonaws.com/1008290032_aerial.mp4
1008290036,https://aerial-videos-forrest.s3.us-east-2.amazonaws.com/1008290036_aerial.mp4
1008290068,https://aerial-videos-forrest.s3.us-east-2.amazonaws.com/1008290068_aerial.mp4
1008300062,https://aerial-videos-forrest.s3.us-east-2.amazonaws.com/1008300062_aerial.mp4
1008310042,https://aerial-videos-forrest.s3.us-east-2.amazonaws.com/1008310042_aerial.mp4
1008320001,https://aerial-videos-forrest.s3.us-east-2.amazonaws.com/1008320001_aerial.mp4
1008320017,https://aerial-videos-forrest.s3.us-east-2.amazonaws.com/1008320017_aerial.mp4
1008330006,https://aerial-videos-forrest.s3.us-east-2.amazonaws.com/1008330006_aerial.mp4
1008330011,https://aerial-videos-forrest.s3.us-east-2.amazonaws.com/1008330011_aerial.mp4
1008330018,https://aerial-videos-forrest.s3.us-east-2.amazonaws.com/1008330018_aerial.mp4
1008330038,https://aerial-videos-forrest.s3.us-east-2.amazonaws.com/1008330038_aerial.mp4
1008340022,https://aerial-videos-forrest.s3.us-east-2.amazonaws.com/1008340022_aerial.mp4
1008340048,https://aerial-videos-forrest.s3.us-east-2.amazonaws.com/1008340048_aerial.mp4
1008340049,https://aerial-videos-forrest.s3.us-east-2.amazonaws.com/1008340049_aerial.mp4
1008347501,https://aerial-videos-forrest.s3.us-east-2.amazonaws.com/1008347501_aerial.mp4
1008350041,https://aerial-videos-forrest.s3.us-east-2.amazonaws.com/1008350041_aerial.mp4
1008360007,https://aerial-videos-forrest.s3.us-east-2.amazonaws.com/1008360007_aerial.mp4
1008360010,https://aerial-videos-forrest.s3.us-east-2.amazonaws.com/1008360010_aerial.mp4
1008360020,https://aerial-videos-forrest.s3.us-east-2.amazonaws.com/1008360020_aerial.mp4
1008360026,https://aerial-videos-forrest.s3.us-east-2.amazonaws.com/1008360026_aerial.mp4
1008360033,https://aerial-videos-forrest.s3.us-east-2.amazonaws.com/1008360033_aerial.mp4
1008360035,https://aerial-videos-forrest.s3.us-east-2.amazonaws.com/1008360035_aerial.mp4
1008370001,https://aerial-videos-forrest.s3.us-east-2.amazonaws.com/1008370001_aerial.mp4
1008370036,https://aerial-videos-forrest.s3.us-east-2.amazonaws.com/1008370036_aerial.mp4
1008370048,https://aerial-videos-forrest.s3.us-east-2.amazonaws.com/1008370048_aerial.mp4
1008380008,https://aerial-videos-forrest.s3.us-east-2.amazonaws.com/1008380008_aerial.mp4
1008380015,https://aerial-videos-forrest.s3.us-east-2.amazonaws.com/1008380015_aerial.mp4
1008380048,https://aerial-videos-forrest.s3.us-east-2.amazonaws.com/1008380048_aerial.mp4
1008380062,https://aerial-videos-forrest.s3.us-east-2.amazonaws.com/1008380062_aerial.mp4
1008380072,https://aerial-videos-forrest.s3.us-east-2.amazonaws.com/1008380072_aerial.mp4
1008380076,https://aerial-videos-forrest.s3.us-east-2.amazonaws.com/1008380076_aerial.mp4
1008390009,https://aerial-videos-forrest.s3.us-east-2.amazonaws.com/1008390009_aerial.mp4
1008390016,https://aerial-videos-forrest.s3.us-east-2.amazonaws.com/1008390016_aerial.mp4
1008390019,https://aerial-videos-forrest.s3.us-east-2.amazonaws.com/1008390019_aerial.mp4
1008390029,https://aerial-videos-forrest.s3.us-east-2.amazonaws.com/1008390029_aerial.mp4
1008390034,https://aerial-videos-forrest.s3.us-east-2.amazonaws.com/1008390034_aerial.mp4
1008390060,https://aerial-videos-forrest.s3.us-east-2.amazonaws.com/1008390060_aerial.mp4
1008390070,https://aerial-videos-forrest.s3.us-east-2.amazonaws.com/1008390070_aerial.mp4
1008390073,https://aerial-videos-forrest.s3.us-east-2.amazonaws.com/1008390073_aerial.mp4
1008397501,https://aerial-videos-forrest.s3.us-east-2.amazonaws.com/1008397501_aerial.mp4
1008400013,https://aerial-videos-forrest.s3.us-east-2.amazonaws.com/1008400013_aerial.mp4
1008400023,https://aerial-videos-forrest.s3.us-east-2.amazonaws.com/1008400023_aerial.mp4
1008400028,https://aerial-videos-forrest.s3.us-east-2.amazonaws.com/1008400028_aerial.mp4
1008400031,https://aerial-videos-forrest.s3.us-east-2.amazonaws.com/1008400031_aerial.mp4
1008400042,https://aerial-videos-forrest.s3.us-east-2.amazonaws.com/1008400042_aerial.mp4
1008400058,https://aerial-videos-forrest.s3.us-east-2.amazonaws.com/1008400058_aerial.mp4
1008400071,https://aerial-videos-forrest.s3.us-east-2.amazonaws.com/1008400071_aerial.mp4
1008410001,https://aerial-videos-forrest.s3.us-east-2.amazonaws.com/1008410001_aerial.mp4
1008410008,https://aerial-videos-forrest.s3.us-east-2.amazonaws.com/1008410008_aerial.mp4
1008410018,https://aerial-videos-forrest.s3.us-east-2.amazonaws.com/1008410018_aerial.mp4
1008410020,https://aerial-videos-forrest.s3.us-east-2.amazonaws.com/1008410020_aerial.mp4
1008410027,https://aerial-videos-forrest.s3.us-east-2.amazonaws.com/1008410027_aerial.mp4
1008410031,https://aerial-videos-forrest.s3.us-east-2.amazonaws.com/1008410031_aerial.mp4
1008410049,https://aerial-videos-forrest.s3.us-east-2.amazonaws.com/1008410049_aerial.mp4
1008410054,https://aerial-videos-forrest.s3.us-east-2.amazonaws.com/1008410054_aerial.mp4
1008410075,https://aerial-videos-forrest.s3.us-east-2.amazonaws.com/1008410075_aerial.mp4
1008410081,https://aerial-videos-forrest.s3.us-east-2.amazonaws.com/1008410081_aerial.mp4
1008417502,https://aerial-videos-forrest.s3.us-east-2.amazonaws.com/1008417502_aerial.mp4
1008420023,https://aerial-videos-forrest.s3.us-east-2.amazonaws.com/1008420023_aerial.mp4
1008420042,https://aerial-videos-forrest.s3.us-east-2.amazonaws.com/1008420042_aerial.mp4
1008430020,https://aerial-videos-forrest.s3.us-east-2.amazonaws.com/1008430020_aerial.mp4
1008430045,https://aerial-videos-forrest.s3.us-east-2.amazonaws.com/1008430045_aerial.mp4
1008440001,https://aerial-videos-forrest.s3.us-east-2.amazonaws.com/1008440001_aerial.mp4
1008440003,https://aerial-videos-forrest.s3.us-east-2.amazonaws.com/1008440003_aerial.mp4
1008440042,https://aerial-videos-forrest.s3.us-east-2.amazonaws.com/1008440042_aerial.mp4
1008460026,https://aerial-videos-forrest.s3.us-east-2.amazonaws.com/1008460026_aerial.mp4
1008460033,https://aerial-videos-forrest.s3.us-east-2.amazonaws.com/1008460033_aerial.mp4
1008470001,https://aerial-videos-forrest.s3.us-east-2.amazonaws.com/1008470001_aerial.mp4
1008470016,https://aerial-videos-forrest.s3.us-east-2.amazonaws.com/1008470016_aerial.mp4
1008470027,https://aerial-videos-forrest.s3.us-east-2.amazonaws.com/1008470027_aerial.mp4
1008470040,https://aerial-videos-forrest.s3.us-east-2.amazonaws.com/1008470040_aerial.mp4
1008470062,https://aerial-videos-forrest.s3.us-east-2.amazonaws.com/1008470062_aerial.mp4
1008480043,https://aerial-videos-forrest.s3.us-east-2.amazonaws.com/1008480043_aerial.mp4
1008480061,https://aerial-videos-forrest.s3.us-east-2.amazonaws.com/1008480061_aerial.mp4
1008490016,https://aerial-videos-forrest.s3.us-east-2.amazonaws.com/1008490016_aerial.mp4
1008490063,https://aerial-videos-forrest.s3.us-east-2.amazonaws.com/1008490063_aerial.mp4
1008490070,https://aerial-videos-forrest.s3.us-east-2.amazonaws.com/1008490070_aerial.mp4
1008500001,https://aerial-videos-forrest.s3.us-east-2.amazonaws.com/1008500001_aerial.mp4
1008500012,https://aerial-videos-forrest.s3.us-east-2.amazonaws.com/1008500012_aerial.mp4
1008500025,https://aerial-videos-forrest.s3.us-east-2.amazonaws.com/1008500025_aerial.mp4
1008510001,https://aerial-videos-forrest.s3.us-east-2.amazonaws.com/1008510001_aerial.mp4
1008510035,https://aerial-videos-forrest.s3.us-east-2.amazonaws.com/1008510035_aerial.mp4
1008510041,https://aerial-videos-forrest.s3.us-east-2.amazonaws.com/1008510041_aerial.mp4
1008530002,https://aerial-videos-forrest.s3.us-east-2.amazonaws.com/1008530002_aerial.mp4
1008550016,https://aerial-videos-forrest.s3.us-east-2.amazonaws.com/1008550016_aerial.mp4
1008550024,https://aerial-videos-forrest.s3.us-east-2.amazonaws.com/1008550024_aerial.mp4
1008550037,https://aerial-videos-forrest.s3.us-east-2.amazonaws.com/1008550037_aerial.mp4
1008560009,https://aerial-videos-forrest.s3.us-east-2.amazonaws.com/1008560009_aerial.mp4
1008560024,https://aerial-videos-forrest.s3.us-east-2.amazonaws.com/1008560024_aerial.mp4
1008560058,https://aerial-videos-forrest.s3.us-east-2.amazonaws.com/1008560058_aerial.mp4
1008570024,https://aerial-videos-forrest.s3.us-east-2.amazonaws.com/1008570024_aerial.mp4
1008570038,https://aerial-videos-forrest.s3.us-east-2.amazonaws.com/1008570038_aerial.mp4
1008570076,https://aerial-videos-forrest.s3.us-east-2.amazonaws.com/1008570076_aerial.mp4
1008580022,https://aerial-videos-forrest.s3.us-east-2.amazonaws.com/1008580022_aerial.mp4
1008580049,https://aerial-videos-forrest.s3.us-east-2.amazonaws.com/1008580049_aerial.mp4
1008580078,https://aerial-videos-forrest.s3.us-east-2.amazonaws.com/1008580078_aerial.mp4
1008590015,https://aerial-videos-forrest.s3.us-east-2.amazonaws.com/1008590015_aerial.mp4
1008590039,https://aerial-videos-forrest.s3.us-east-2.amazonaws.com/1008590039_aerial.mp4
1008590048,https://aerial-videos-forrest.s3.us-east-2.amazonaws.com/1008590048_aerial.mp4
1008590052,https://aerial-videos-forrest.s3.us-east-2.amazonaws.com/1008590052_aerial.mp4
1008590064,https://aerial-videos-forrest.s3.us-east-2.amazonaws.com/1008590064_aerial.mp4
1008590072,https://aerial-videos-forrest.s3.us-east-2.amazonaws.com/1008590072_aerial.mp4
1008600045,https://aerial-videos-forrest.s3.us-east-2.amazonaws.com/1008600045_aerial.mp4
1008610015,https://aerial-videos-forrest.s3.us-east-2.amazonaws.com/1008610015_aerial.mp4
1008610022,https://aerial-videos-forrest.s3.us-east-2.amazonaws.com/1008610022_aerial.mp4
1008610044,https://aerial-videos-forrest.s3.us-east-2.amazonaws.com/1008610044_aerial.mp4
1008610047,https://aerial-videos-forrest.s3.us-east-2.amazonaws.com/1008610047_aerial.mp4
1008610057,https://aerial-videos-forrest.s3.us-east-2.amazonaws.com/1008610057_aerial.mp4
1008610075,https://aerial-videos-forrest.s3.us-east-2.amazonaws.com/1008610075_aerial.mp4
1008620026,https://aerial-videos-forrest.s3.us-east-2.amazonaws.com/1008620026_aerial.mp4
1008620045,https://aerial-videos-forrest.s3.us-east-2.amazonaws.com/1008620045_aerial.mp4
1008630004,https://aerial-videos-forrest.s3.us-east-2.amazonaws.com/1008630004_aerial.mp4
1008630006,https://aerial-videos-forrest.s3.us-east-2.amazonaws.com/1008630006_aerial.mp4
1008630013,https://aerial-videos-forrest.s3.us-east-2.amazonaws.com/1008630013_aerial.mp4
1008630027,https://aerial-videos-forrest.s3.us-east-2.amazonaws.com/1008630027_aerial.mp4
1008630029,https://aerial-videos-forrest.s3.us-east-2.amazonaws.com/1008630029_aerial.mp4
1008630060,https://aerial-videos-forrest.s3.us-east-2.amazonaws.com/1008630060_aerial.mp4
1008630067,https://aerial-videos-forrest.s3.us-east-2.amazonaws.com/1008630067_aerial.mp4
1008640025,https://aerial-videos-forrest.s3.us-east-2.amazonaws.com/1008640025_aerial.mp4
1008650014,https://aerial-videos-forrest.s3.us-east-2.amazonaws.com/1008650014_aerial.mp4
1008660001,https://aerial-videos-forrest.s3.us-east-2.amazonaws.com/1008660001_aerial.mp4
1008660076,https://aerial-videos-forrest.s3.us-east-2.amazonaws.com/1008660076_aerial.mp4
1008670001,https://aerial-videos-forrest.s3.us-east-2.amazonaws.com/1008670001_aerial.mp4
1008670015,https://aerial-videos-forrest.s3.us-east-2.amazonaws.com/1008670015_aerial.mp4
1008670018,https://aerial-videos-forrest.s3.us-east-2.amazonaws.com/1008670018_aerial.mp4
1008670070,https://aerial-videos-forrest.s3.us-east-2.amazonaws.com/1008670070_aerial.mp4
1008680008,https://aerial-videos-forrest.s3.us-east-2.amazonaws.com/1008680008_aerial.mp4
1008680010,https://aerial-videos-forrest.s3.us-east-2.amazonaws.com/1008680010_aerial.mp4
1008680012,https://aerial-videos-forrest.s3.us-east-2.amazonaws.com/1008680012_aerial.mp4
1008680016,https://aerial-videos-forrest.s3.us-east-2.amazonaws.com/1008680016_aerial.mp4
1008680025,https://aerial-videos-forrest.s3.us-east-2.amazonaws.com/1008680025_aerial.mp4
1008680072,https://aerial-videos-forrest.s3.us-east-2.amazonaws.com/1008680072_aerial.mp4
1008690016,https://aerial-videos-forrest.s3.us-east-2.amazonaws.com/1008690016_aerial.mp4
1008690020,https://aerial-videos-forrest.s3.us-east-2.amazonaws.com/1008690020_aerial.mp4
1008690034,https://aerial-videos-forrest.s3.us-east-2.amazonaws.com/1008690034_aerial.mp4
1008690054,https://aerial-videos-forrest.s3.us-east-2.amazonaws.com/1008690054_aerial.mp4
1008690058,https://aerial-videos-forrest.s3.us-east-2.amazonaws.com/1008690058_aerial.mp4
1008690064,https://aerial-videos-forrest.s3.us-east-2.amazonaws.com/1008690064_aerial.mp4
1008690066,https://aerial-videos-forrest.s3.us-east-2.amazonaws.com/1008690066_aerial.mp4
1008710003,https://aerial-videos-forrest.s3.us-east-2.amazonaws.com/1008710003_aerial.mp4
1008710060,https://aerial-videos-forrest.s3.us-east-2.amazonaws.com/1008710060_aerial.mp4
1008710068,https://aerial-videos-forrest.s3.us-east-2.amazonaws.com/1008710068_aerial.mp4
1008710070,https://aerial-videos-forrest.s3.us-east-2.amazonaws.com/1008710070_aerial.mp4
1008720013,https://aerial-videos-forrest.s3.us-east-2.amazonaws.com/1008720013_aerial.mp4
1008730067,https://aerial-videos-forrest.s3.us-east-2.amazonaws.com/1008730067_aerial.mp4
1008737502,https://aerial-videos-forrest.s3.us-east-2.amazonaws.com/1008737502_aerial.mp4
1008740001,https://aerial-videos-forrest.s3.us-east-2.amazonaws.com/1008740001_aerial.mp4
1008740004,https://aerial-videos-forrest.s3.us-east-2.amazonaws.com/1008740004_aerial.mp4
1008760001,https://aerial-videos-forrest.s3.us-east-2.amazonaws.com/1008760001_aerial.mp4
1008760006,https://aerial-videos-forrest.s3.us-east-2.amazonaws.com/1008760006_aerial.mp4
1008780001,https://aerial-videos-forrest.s3.us-east-2.amazonaws.com/1008780001_aerial.mp4
1008780065,https://aerial-videos-forrest.s3.us-east-2.amazonaws.com/1008780065_aerial.mp4
1008790081,https://aerial-videos-forrest.s3.us-east-2.amazonaws.com/1008790081_aerial.mp4
1008800014,https://aerial-videos-forrest.s3.us-east-2.amazonaws.com/1008800014_aerial.mp4
1008800084,https://aerial-videos-forrest.s3.us-east-2.amazonaws.com/1008800084_aerial.mp4
1008810001,https://aerial-videos-forrest.s3.us-east-2.amazonaws.com/1008810001_aerial.mp4
1008810029,https://aerial-videos-forrest.s3.us-east-2.amazonaws.com/1008810029_aerial.mp4
1008820003,https://aerial-videos-forrest.s3.us-east-2.amazonaws.com/1008820003_aerial.mp4
1008820076,https://aerial-videos-forrest.s3.us-east-2.amazonaws.com/1008820076_aerial.mp4
1008820085,https://aerial-videos-forrest.s3.us-east-2.amazonaws.com/1008820085_aerial.mp4
1008830001,https://aerial-videos-forrest.s3.us-east-2.amazonaws.com/1008830001_aerial.mp4
1008830088,https://aerial-videos-forrest.s3.us-east-2.amazonaws.com/1008830088_aerial.mp4
1008860001,https://aerial-videos-forrest.s3.us-east-2.amazonaws.com/1008860001_aerial.mp4
1008870082,https://aerial-videos-forrest.s3.us-east-2.amazonaws.com/1008870082_aerial.mp4
1008870095,https://aerial-videos-forrest.s3.us-east-2.amazonaws.com/1008870095_aerial.mp4
1008880024,https://aerial-videos-forrest.s3.us-east-2.amazonaws.com/1008880024_aerial.mp4
1008880027,https://aerial-videos-forrest.s3.us-east-2.amazonaws.com/1008880027_aerial.mp4
1008887503,https://aerial-videos-forrest.s3.us-east-2.amazonaws.com/1008887503_aerial.mp4
1008897501,https://aerial-videos-forrest.s3.us-east-2.amazonaws.com/1008897501_aerial.mp4
1008930025,https://aerial-videos-forrest.s3.us-east-2.amazonaws.com/1008930025_aerial.mp4
1008950001,https://aerial-videos-forrest.s3.us-east-2.amazonaws.com/1008950001_aerial.mp4
1008950045,https://aerial-videos-forrest.s3.us-east-2.amazonaws.com/1008950045_aerial.mp4
1009030047,https://aerial-videos-forrest.s3.us-east-2.amazonaws.com/1009030047_aerial.mp4
1009200012,https://aerial-videos-forrest.s3.us-east-2.amazonaws.com/1009200012_aerial.mp4
1009270055,https://aerial-videos-forrest.s3.us-east-2.amazonaws.com/1009270055_aerial.mp4
1009400012,https://aerial-videos-forrest.s3.us-east-2.amazonaws.com/1009400012_aerial.mp4
1009620001,https://aerial-videos-forrest.s3.us-east-2.amazonaws.com/1009620001_aerial.mp4
1009690001,https://aerial-videos-forrest.s3.us-east-2.amazonaws.com/1009690001_aerial.mp4
1009690005,https://aerial-videos-forrest.s3.us-east-2.amazonaws.com/1009690005_aerial.mp4
1009930001,https://aerial-videos-forrest.s3.us-east-2.amazonaws.com/1009930001_aerial.mp4
1009930011,https://aerial-videos-forrest.s3.us-east-2.amazonaws.com/1009930011_aerial.mp4
1009930022,https://aerial-videos-forrest.s3.us-east-2.amazonaws.com/1009930022_aerial.mp4
1009930036,https://aerial-videos-forrest.s3.us-east-2.amazonaws.com/1009930036_aerial.mp4
1009930055,https://aerial-videos-forrest.s3.us-east-2.amazonaws.com/1009930055_aerial.mp4
1009940001,https://aerial-videos-forrest.s3.us-east-2.amazonaws.com/1009940001_aerial.mp4
1009950005,https://aerial-videos-forrest.s3.us-east-2.amazonaws.com/1009950005_aerial.mp4
1009950033,https://aerial-videos-forrest.s3.us-east-2.amazonaws.com/1009950033_aerial.mp4
1009960001,https://aerial-videos-forrest.s3.us-east-2.amazonaws.com/1009960001_aerial.mp4
1009960029,https://aerial-videos-forrest.s3.us-east-2.amazonaws.com/1009960029_aerial.mp4
1009970029,https://aerial-videos-forrest.s3.us-east-2.amazonaws.com/1009970029_aerial.mp4
1009970041,https://aerial-videos-forrest.s3.us-east-2.amazonaws.com/1009970041_aerial.mp4
1009980012,https://aerial-videos-forrest.s3.us-east-2.amazonaws.com/1009980012_aerial.mp4
1009980024,https://aerial-videos-forrest.s3.us-east-2.amazonaws.com/1009980024_aerial.mp4
1009980029,https://aerial-videos-forrest.s3.us-east-2.amazonaws.com/1009980029_aerial.mp4
1009990003,https://aerial-videos-forrest.s3.us-east-2.amazonaws.com/1009990003_aerial.mp4
1009990009,https://aerial-videos-forrest.s3.us-east-2.amazonaws.com/1009990009_aerial.mp4
1009990019,https://aerial-videos-forrest.s3.us-east-2.amazonaws.com/1009990019_aerial.mp4
1009990029,https://aerial-videos-forrest.s3.us-east-2.amazonaws.com/1009990029_aerial.mp4
1010000001,https://aerial-videos-forrest.s3.us-east-2.amazonaws.com/1010000001_aerial.mp4
1010000029,https://aerial-videos-forrest.s3.us-east-2.amazonaws.com/1010000029_aerial.mp4
1010010029,https://aerial-videos-forrest.s3.us-east-2.amazonaws.com/1010010029_aerial.mp4
1010020001,https://aerial-videos-forrest.s3.us-east-2.amazonaws.com/1010020001_aerial.mp4
1010030005,https://aerial-videos-forrest.s3.us-east-2.amazonaws.com/1010030005_aerial.mp4
1010030029,https://aerial-videos-forrest.s3.us-east-2.amazonaws.com/1010030029_aerial.mp4
1010040020,https://aerial-videos-forrest.s3.us-east-2.amazonaws.com/1010040020_aerial.mp4
1010040029,https://aerial-videos-forrest.s3.us-east-2.amazonaws.com/1010040029_aerial.mp4
1010050029,https://aerial-videos-forrest.s3.us-east-2.amazonaws.com/1010050029_aerial.mp4
1010060013,https://aerial-videos-forrest.s3.us-east-2.amazonaws.com/1010060013_aerial.mp4
1010070029,https://aerial-videos-forrest.s3.us-east-2.amazonaws.com/1010070029_aerial.mp4
1010080019,https://aerial-videos-forrest.s3.us-east-2.amazonaws.com/1010080019_aerial.mp4
1010080037,https://aerial-videos-forrest.s3.us-east-2.amazonaws.com/1010080037_aerial.mp4
1010090005,https://aerial-videos-forrest.s3.us-east-2.amazonaws.com/1010090005_aerial.mp4
1010100015,https://aerial-videos-forrest.s3.us-east-2.amazonaws.com/1010100015_aerial.mp4
1010100021,https://aerial-videos-forrest.s3.us-east-2.amazonaws.com/1010100021_aerial.mp4
1010120015,https://aerial-videos-forrest.s3.us-east-2.amazonaws.com/1010120015_aerial.mp4
1010130029,https://aerial-videos-forrest.s3.us-east-2.amazonaws.com/1010130029_aerial.mp4
1010130041,https://aerial-videos-forrest.s3.us-east-2.amazonaws.com/1010130041_aerial.mp4
1010130042,https://aerial-videos-forrest.s3.us-east-2.amazonaws.com/1010130042_aerial.mp4
1010137501,https://aerial-videos-forrest.s3.us-east-2.amazonaws.com/1010137501_aerial.mp4
1010140033,https://aerial-videos-forrest.s3.us-east-2.amazonaws.com/1010140033_aerial.mp4
1010150029,https://aerial-videos-forrest.s3.us-east-2.amazonaws.com/1010150029_aerial.mp4
1010160036,https://aerial-videos-forrest.s3.us-east-2.amazonaws.com/1010160036_aerial.mp4
1010197502,https://aerial-videos-forrest.s3.us-east-2.amazonaws.com/1010197502_aerial.mp4
1010210026,https://aerial-videos-forrest.s3.us-east-2.amazonaws.com/1010210026_aerial.mp4
1010220043,https://aerial-videos-forrest.s3.us-east-2.amazonaws.com/1010220043_aerial.mp4
1010240015,https://aerial-videos-forrest.s3.us-east-2.amazonaws.com/1010240015_aerial.mp4
1010240038,https://aerial-videos-forrest.s3.us-east-2.amazonaws.com/1010240038_aerial.mp4
1010250025,https://aerial-videos-forrest.s3.us-east-2.amazonaws.com/1010250025_aerial.mp4
1010250054,https://aerial-videos-forrest.s3.us-east-2.amazonaws.com/1010250054_aerial.mp4
1010260032,https://aerial-videos-forrest.s3.us-east-2.amazonaws.com/1010260032_aerial.mp4
1010260055,https://aerial-videos-forrest.s3.us-east-2.amazonaws.com/1010260055_aerial.mp4
1010270020,https://aerial-videos-forrest.s3.us-east-2.amazonaws.com/1010270020_aerial.mp4
1010280029,https://aerial-videos-forrest.s3.us-east-2.amazonaws.com/1010280029_aerial.mp4
1010280033,https://aerial-videos-forrest.s3.us-east-2.amazonaws.com/1010280033_aerial.mp4
1010280056,https://aerial-videos-forrest.s3.us-east-2.amazonaws.com/1010280056_aerial.mp4
1010287502,https://aerial-videos-forrest.s3.us-east-2.amazonaws.com/1010287502_aerial.mp4
1010290012,https://aerial-videos-forrest.s3.us-east-2.amazonaws.com/1010290012_aerial.mp4
1010290053,https://aerial-videos-forrest.s3.us-east-2.amazonaws.com/1010290053_aerial.mp4
1010297501,https://aerial-videos-forrest.s3.us-east-2.amazonaws.com/1010297501_aerial.mp4
1010320048,https://aerial-videos-forrest.s3.us-east-2.amazonaws.com/1010320048_aerial.mp4
1010350001,https://aerial-videos-forrest.s3.us-east-2.amazonaws.com/1010350001_aerial.mp4
1010350017,https://aerial-videos-forrest.s3.us-east-2.amazonaws.com/1010350017_aerial.mp4
1010400029,https://aerial-videos-forrest.s3.us-east-2.amazonaws.com/1010400029_aerial.mp4
1010430013,https://aerial-videos-forrest.s3.us-east-2.amazonaws.com/1010430013_aerial.mp4
1010480033,https://aerial-videos-forrest.s3.us-east-2.amazonaws.com/1010480033_aerial.mp4
1010540041,https://aerial-videos-forrest.s3.us-east-2.amazonaws.com/1010540041_aerial.mp4
1010607502,https://aerial-videos-forrest.s3.us-east-2.amazonaws.com/1010607502_aerial.mp4
1010650012,https://aerial-videos-forrest.s3.us-east-2.amazonaws.com/1010650012_aerial.mp4
1010750001,https://aerial-videos-forrest.s3.us-east-2.amazonaws.com/1010750001_aerial.mp4
1010850001,https://aerial-videos-forrest.s3.us-east-2.amazonaws.com/1010850001_aerial.mp4
1010850023,https://aerial-videos-forrest.s3.us-east-2.amazonaws.com/1010850023_aerial.mp4
1010980029,https://aerial-videos-forrest.s3.us-east-2.amazonaws.com/1010980029_aerial.mp4
1010990021,https://aerial-videos-forrest.s3.us-east-2.amazonaws.com/1010990021_aerial.mp4
1011020011,https://aerial-videos-forrest.s3.us-east-2.amazonaws.com/1011020011_aerial.mp4
1011020018,https://aerial-videos-forrest.s3.us-east-2.amazonaws.com/1011020018_aerial.mp4
1011027501,https://aerial-videos-forrest.s3.us-east-2.amazonaws.com/1011027501_aerial.mp4
1011050036,https://aerial-videos-forrest.s3.us-east-2.amazonaws.com/1011050036_aerial.mp4
1011130008,https://aerial-videos-forrest.s3.us-east-2.amazonaws.com/1011130008_aerial.mp4
1011130051,https://aerial-videos-forrest.s3.us-east-2.amazonaws.com/1011130051_aerial.mp4
1011190001,https://aerial-videos-forrest.s3.us-east-2.amazonaws.com/1011190001_aerial.mp4
1012580001,https://aerial-videos-forrest.s3.us-east-2.amazonaws.com/1012580001_aerial.mp4
1012580009,https://aerial-videos-forrest.s3.us-east-2.amazonaws.com/1012580009_aerial.mp4
1012580021,https://aerial-videos-forrest.s3.us-east-2.amazonaws.com/1012580021_aerial.mp4
1012580034,https://aerial-videos-forrest.s3.us-east-2.amazonaws.com/1012580034_aerial.mp4
1012590001,https://aerial-videos-forrest.s3.us-east-2.amazonaws.com/1012590001_aerial.mp4
1012590019,https://aerial-videos-forrest.s3.us-east-2.amazonaws.com/1012590019_aerial.mp4
1012600001,https://aerial-videos-forrest.s3.us-east-2.amazonaws.com/1012600001_aerial.mp4
1012600024,https://aerial-videos-forrest.s3.us-east-2.amazonaws.com/1012600024_aerial.mp4
1012600042,https://aerial-videos-forrest.s3.us-east-2.amazonaws.com/1012600042_aerial.mp4
1012600064,https://aerial-videos-forrest.s3.us-east-2.amazonaws.com/1012600064_aerial.mp4
1012600071,https://aerial-videos-forrest.s3.us-east-2.amazonaws.com/1012600071_aerial.mp4
1012607503,https://aerial-videos-forrest.s3.us-east-2.amazonaws.com/1012607503_aerial.mp4
1012610016,https://aerial-videos-forrest.s3.us-east-2.amazonaws.com/1012610016_aerial.mp4
1012610019,https://aerial-videos-forrest.s3.us-east-2.amazonaws.com/1012610019_aerial.mp4
1012610021,https://aerial-videos-forrest.s3.us-east-2.amazonaws.com/1012610021_aerial.mp4
1012610030,https://aerial-videos-forrest.s3.us-east-2.amazonaws.com/1012610030_aerial.mp4
1012610034,https://aerial-videos-forrest.s3.us-east-2.amazonaws.com/1012610034_aerial.mp4
1012610036,https://aerial-videos-forrest.s3.us-east-2.amazonaws.com/1012610036_aerial.mp4
1012610042,https://aerial-videos-forrest.s3.us-east-2.amazonaws.com/1012610042_aerial.mp4
1012620001,https://aerial-videos-forrest.s3.us-east-2.amazonaws.com/1012620001_aerial.mp4
1012620024,https://aerial-videos-forrest.s3.us-east-2.amazonaws.com/1012620024_aerial.mp4
1012620048,https://aerial-videos-forrest.s3.us-east-2.amazonaws.com/1012620048_aerial.mp4
1012620054,https://aerial-videos-forrest.s3.us-east-2.amazonaws.com/1012620054_aerial.mp4
1012620056,https://aerial-videos-forrest.s3.us-east-2.amazonaws.com/1012620056_aerial.mp4
1012627502,https://aerial-videos-forrest.s3.us-east-2.amazonaws.com/1012627502_aerial.mp4
1012630005,https://aerial-videos-forrest.s3.us-east-2.amazonaws.com/1012630005_aerial.mp4
1012630007,https://aerial-videos-forrest.s3.us-east-2.amazonaws.com/1012630007_aerial.mp4
1012630024,https://aerial-videos-forrest.s3.us-east-2.amazonaws.com/1012630024_aerial.mp4
1012630034,https://aerial-videos-forrest.s3.us-east-2.amazonaws.com/1012630034_aerial.mp4
1012630038,https://aerial-videos-forrest.s3.us-east-2.amazonaws.com/1012630038_aerial.mp4
1012630051,https://aerial-videos-forrest.s3.us-east-2.amazonaws.com/1012630051_aerial.mp4
1012630059,https://aerial-videos-forrest.s3.us-east-2.amazonaws.com/1012630059_aerial.mp4
1012640005,https://aerial-videos-forrest.s3.us-east-2.amazonaws.com/1012640005_aerial.mp4
1012640030,https://aerial-videos-forrest.s3.us-east-2.amazonaws.com/1012640030_aerial.mp4
1012640040,https://aerial-videos-forrest.s3.us-east-2.amazonaws.com/1012640040_aerial.mp4
1012650050,https://aerial-videos-forrest.s3.us-east-2.amazonaws.com/1012650050_aerial.mp4
1012657501,https://aerial-videos-forrest.s3.us-east-2.amazonaws.com/1012657501_aerial.mp4
1012660001,https://aerial-videos-forrest.s3.us-east-2.amazonaws.com/1012660001_aerial.mp4
1012670001,https://aerial-videos-forrest.s3.us-east-2.amazonaws.com/1012670001_aerial.mp4
1012670022,https://aerial-videos-forrest.s3.us-east-2.amazonaws.com/1012670022_aerial.mp4
1012670034,https://aerial-videos-forrest.s3.us-east-2.amazonaws.com/1012670034_aerial.mp4
1012670041,https://aerial-videos-forrest.s3.us-east-2.amazonaws.com/1012670041_aerial.mp4
1012680001,https://aerial-videos-forrest.s3.us-east-2.amazonaws.com/1012680001_aerial.mp4
1012680021,https://aerial-videos-forrest.s3.us-east-2.amazonaws.com/1012680021_aerial.mp4
1012690001,https://aerial-videos-forrest.s3.us-east-2.amazonaws.com/1012690001_aerial.mp4
1012690041,https://aerial-videos-forrest.s3.us-east-2.amazonaws.com/1012690041_aerial.mp4
1012700071,https://aerial-videos-forrest.s3.us-east-2.amazonaws.com/1012700071_aerial.mp4
1012710038,https://aerial-videos-forrest.s3.us-east-2.amazonaws.com/1012710038_aerial.mp4
1012720034,https://aerial-videos-forrest.s3.us-east-2.amazonaws.com/1012720034_aerial.mp4
1012720063,https://aerial-videos-forrest.s3.us-east-2.amazonaws.com/1012720063_aerial.mp4
1012727503,https://aerial-videos-forrest.s3.us-east-2.amazonaws.com/1012727503_aerial.mp4
1012730001,https://aerial-videos-forrest.s3.us-east-2.amazonaws.com/1012730001_aerial.mp4
1012730022,https://aerial-videos-forrest.s3.us-east-2.amazonaws.com/1012730022_aerial.mp4
1012750001,https://aerial-videos-forrest.s3.us-east-2.amazonaws.com/1012750001_aerial.mp4
1012750012,https://aerial-videos-forrest.s3.us-east-2.amazonaws.com/1012750012_aerial.mp4
1012750014,https://aerial-videos-forrest.s3.us-east-2.amazonaws.com/1012750014_aerial.mp4
1012750023,https://aerial-videos-forrest.s3.us-east-2.amazonaws.com/1012750023_aerial.mp4
1012750027,https://aerial-videos-forrest.s3.us-east-2.amazonaws.com/1012750027_aerial.mp4
1012750050,https://aerial-videos-forrest.s3.us-east-2.amazonaws.com/1012750050_aerial.mp4
1012750064,https://aerial-videos-forrest.s3.us-east-2.amazonaws.com/1012750064_aerial.mp4
1012750069,https://aerial-videos-forrest.s3.us-east-2.amazonaws.com/1012750069_aerial.mp4
1012760004,https://aerial-videos-forrest.s3.us-east-2.amazonaws.com/1012760004_aerial.mp4
1012760033,https://aerial-videos-forrest.s3.us-east-2.amazonaws.com/1012760033_aerial.mp4
1012760042,https://aerial-videos-forrest.s3.us-east-2.amazonaws.com/1012760042_aerial.mp4
1012760051,https://aerial-videos-forrest.s3.us-east-2.amazonaws.com/1012760051_aerial.mp4
1012760058,https://aerial-videos-forrest.s3.us-east-2.amazonaws.com/1012760058_aerial.mp4
1012760069,https://aerial-videos-forrest.s3.us-east-2.amazonaws.com/1012760069_aerial.mp4
1012770002,https://aerial-videos-forrest.s3.us-east-2.amazonaws.com/1012770002_aerial.mp4
1012770008,https://aerial-videos-forrest.s3.us-east-2.amazonaws.com/1012770008_aerial.mp4
1012770014,https://aerial-videos-forrest.s3.us-east-2.amazonaws.com/1012770014_aerial.mp4
1012770027,https://aerial-videos-forrest.s3.us-east-2.amazonaws.com/1012770027_aerial.mp4
1012770069,https://aerial-videos-forrest.s3.us-east-2.amazonaws.com/1012770069_aerial.mp4
1012780001,https://aerial-videos-forrest.s3.us-east-2.amazonaws.com/1012780001_aerial.mp4
1012780014,https://aerial-videos-forrest.s3.us-east-2.amazonaws.com/1012780014_aerial.mp4
1012780020,https://aerial-videos-forrest.s3.us-east-2.amazonaws.com/1012780020_aerial.mp4
1012790001,https://aerial-videos-forrest.s3.us-east-2.amazonaws.com/1012790001_aerial.mp4
1012790009,https://aerial-videos-forrest.s3.us-east-2.amazonaws.com/1012790009_aerial.mp4
1012790017,https://aerial-videos-forrest.s3.us-east-2.amazonaws.com/1012790017_aerial.mp4
1012790045,https://aerial-videos-forrest.s3.us-east-2.amazonaws.com/1012790045_aerial.mp4
1012790057,https://aerial-videos-forrest.s3.us-east-2.amazonaws.com/1012790057_aerial.mp4
1012807501,https://aerial-videos-forrest.s3.us-east-2.amazonaws.com/1012807501_aerial.mp4
1012809010,https://aerial-videos-forrest.s3.us-east-2.amazonaws.com/1012809010_aerial.mp4
1012810001,https://aerial-videos-forrest.s3.us-east-2.amazonaws.com/1012810001_aerial.mp4
1012810059,https://aerial-videos-forrest.s3.us-east-2.amazonaws.com/1012810059_aerial.mp4
1012810069,https://aerial-videos-forrest.s3.us-east-2.amazonaws.com/1012810069_aerial.mp4
1012820001,https://aerial-videos-forrest.s3.us-east-2.amazonaws.com/1012820001_aerial.mp4
1012820017,https://aerial-videos-forrest.s3.us-east-2.amazonaws.com/1012820017_aerial.mp4
1012820021,https://aerial-videos-forrest.s3.us-east-2.amazonaws.com/1012820021_aerial.mp4
1012820034,https://aerial-videos-forrest.s3.us-east-2.amazonaws.com/1012820034_aerial.mp4
1012830017,https://aerial-videos-forrest.s3.us-east-2.amazonaws.com/1012830017_aerial.mp4
1012830021,https://aerial-videos-forrest.s3.us-east-2.amazonaws.com/1012830021_aerial.mp4
1012830069,https://aerial-videos-forrest.s3.us-east-2.amazonaws.com/1012830069_aerial.mp4
1012840002,https://aerial-videos-forrest.s3.us-east-2.amazonaws.com/1012840002_aerial.mp4
1012840007,https://aerial-videos-forrest.s3.us-east-2.amazonaws.com/1012840007_aerial.mp4
1012840026,https://aerial-videos-forrest.s3.us-east-2.amazonaws.com/1012840026_aerial.mp4
1012840033,https://aerial-videos-forrest.s3.us-east-2.amazonaws.com/1012840033_aerial.mp4
1012840056,https://aerial-videos-forrest.s3.us-east-2.amazonaws.com/1012840056_aerial.mp4
1012847501,https://aerial-videos-forrest.s3.us-east-2.amazonaws.com/1012847501_aerial.mp4
1012850015,https://aerial-videos-forrest.s3.us-east-2.amazonaws.com/1012850015_aerial.mp4
1012850021,https://aerial-videos-forrest.s3.us-east-2.amazonaws.com/1012850021_aerial.mp4
1012850036,https://aerial-videos-forrest.s3.us-east-2.amazonaws.com/1012850036_aerial.mp4
1012860035,https://aerial-videos-forrest.s3.us-east-2.amazonaws.com/1012860035_aerial.mp4
1012870014,https://aerial-videos-forrest.s3.us-east-2.amazonaws.com/1012870014_aerial.mp4
1012870021,https://aerial-videos-forrest.s3.us-east-2.amazonaws.com/1012870021_aerial.mp4
1012870028,https://aerial-videos-forrest.s3.us-east-2.amazonaws.com/1012870028_aerial.mp4
1012870033,https://aerial-videos-forrest.s3.us-east-2.amazonaws.com/1012870033_aerial.mp4
1012870052,https://aerial-videos-forrest.s3.us-east-2.amazonaws.com/1012870052_aerial.mp4
1012870058,https://aerial-videos-forrest.s3.us-east-2.amazonaws.com/1012870058_aerial.mp4
1012880001,https://aerial-videos-forrest.s3.us-east-2.amazonaws.com/1012880001_aerial.mp4
1012880007,https://aerial-videos-forrest.s3.us-east-2.amazonaws.com/1012880007_aerial.mp4
1012880021,https://aerial-videos-forrest.s3.us-east-2.amazonaws.com/1012880021_aerial.mp4
1012880027,https://aerial-videos-forrest.s3.us-east-2.amazonaws.com/1012880027_aerial.mp4
1012880051,https://aerial-videos-forrest.s3.us-east-2.amazonaws.com/1012880051_aerial.mp4
1012880056,https://aerial-videos-forrest.s3.us-east-2.amazonaws.com/1012880056_aerial.mp4
1012880069,https://aerial-videos-forrest.s3.us-east-2.amazonaws.com/1012880069_aerial.mp4
1012890014,https://aerial-videos-forrest.s3.us-east-2.amazonaws.com/1012890014_aerial.mp4
1012890028,https://aerial-videos-forrest.s3.us-east-2.amazonaws.com/1012890028_aerial.mp4
1012900006,https://aerial-videos-forrest.s3.us-east-2.amazonaws.com/1012900006_aerial.mp4
1012900021,https://aerial-videos-forrest.s3.us-east-2.amazonaws.com/1012900021_aerial.mp4
1012900044,https://aerial-videos-forrest.s3.us-east-2.amazonaws.com/1012900044_aerial.mp4
1012910010,https://aerial-videos-forrest.s3.us-east-2.amazonaws.com/1012910010_aerial.mp4
1012910028,https://aerial-videos-forrest.s3.us-east-2.amazonaws.com/1012910028_aerial.mp4
1012910038,https://aerial-videos-forrest.s3.us-east-2.amazonaws.com/1012910038_aerial.mp4
1012910045,https://aerial-videos-forrest.s3.us-east-2.amazonaws.com/1012910045_aerial.mp4
1012917501,https://aerial-videos-forrest.s3.us-east-2.amazonaws.com/1012917501_aerial.mp4
1012920015,https://aerial-videos-forrest.s3.us-east-2.amazonaws.com/1012920015_aerial.mp4
1012920037,https://aerial-videos-forrest.s3.us-east-2.amazonaws.com/1012920037_aerial.mp4
1012920048,https://aerial-videos-forrest.s3.us-east-2.amazonaws.com/1012920048_aerial.mp4
1012920052,https://aerial-videos-forrest.s3.us-east-2.amazonaws.com/1012920052_aerial.mp4
1012930014,https://aerial-videos-forrest.s3.us-east-2.amazonaws.com/1012930014_aerial.mp4
1012930026,https://aerial-videos-forrest.s3.us-east-2.amazonaws.com/1012930026_aerial.mp4
1012930035,https://aerial-videos-forrest.s3.us-east-2.amazonaws.com/1012930035_aerial.mp4
1012940001,https://aerial-videos-forrest.s3.us-east-2.amazonaws.com/1012940001_aerial.mp4
1012940046,https://aerial-videos-forrest.s3.us-east-2.amazonaws.com/1012940046_aerial.mp4
1012950001,https://aerial-videos-forrest.s3.us-east-2.amazonaws.com/1012950001_aerial.mp4
1012950017,https://aerial-videos-forrest.s3.us-east-2.amazonaws.com/1012950017_aerial.mp4
1012950020,https://aerial-videos-forrest.s3.us-east-2.amazonaws.com/1012950020_aerial.mp4
1012950023,https://aerial-videos-forrest.s3.us-east-2.amazonaws.com/1012950023_aerial.mp4
1012950033,https://aerial-videos-forrest.s3.us-east-2.amazonaws.com/1012950033_aerial.mp4
1012950058,https://aerial-videos-forrest.s3.us-east-2.amazonaws.com/1012950058_aerial.mp4
1012960014,https://aerial-videos-forrest.s3.us-east-2.amazonaws.com/1012960014_aerial.mp4
1012967501,https://aerial-videos-forrest.s3.us-east-2.amazonaws.com/1012967501_aerial.mp4
1012967502,https://aerial-videos-forrest.s3.us-east-2.amazonaws.com/1012967502_aerial.mp4
1012970023,https://aerial-videos-forrest.s3.us-east-2.amazonaws.com/1012970023_aerial.mp4
1012970033,https://aerial-videos-forrest.s3.us-east-2.amazonaws.com/1012970033_aerial.mp4
1012980023,https://aerial-videos-forrest.s3.us-east-2.amazonaws.com/1012980023_aerial.mp4
1012990027,https://aerial-videos-forrest.s3.us-east-2.amazonaws.com/1012990027_aerial.mp4
1012990033,https://aerial-videos-forrest.s3.us-east-2.amazonaws.com/1012990033_aerial.mp4
1013000001,https://aerial-videos-forrest.s3.us-east-2.amazonaws.com/1013000001_aerial.mp4
1013000033,https://aerial-videos-forrest.s3.us-east-2.amazonaws.com/1013000033_aerial.mp4
1013010001,https://aerial-videos-forrest.s3.us-east-2.amazonaws.com/1013010001_aerial.mp4
1013010023,https://aerial-videos-forrest.s3.us-east-2.amazonaws.com/1013010023_aerial.mp4
1013010033,https://aerial-videos-forrest.s3.us-east-2.amazonaws.com/1013010033_aerial.mp4
1013027501,https://aerial-videos-forrest.s3.us-east-2.amazonaws.com/1013027501_aerial.mp4
1013030001,https://aerial-videos-forrest.s3.us-east-2.amazonaws.com/1013030001_aerial.mp4
1013030033,https://aerial-videos-forrest.s3.us-east-2.amazonaws.com/1013030033_aerial.mp4
1013040033,https://aerial-videos-forrest.s3.us-east-2.amazonaws.com/1013040033_aerial.mp4
1013050013,https://aerial-videos-forrest.s3.us-east-2.amazonaws.com/1013050013_aerial.mp4
1013050033,https://aerial-videos-forrest.s3.us-east-2.amazonaws.com/1013050033_aerial.mp4
1013050040,https://aerial-videos-forrest.s3.us-east-2.amazonaws.com/1013050040_aerial.mp4
1013050060,https://aerial-videos-forrest.s3.us-east-2.amazonaws.com/1013050060_aerial.mp4
1013060023,https://aerial-videos-forrest.s3.us-east-2.amazonaws.com/1013060023_aerial.mp4
1013060033,https://aerial-videos-forrest.s3.us-east-2.amazonaws.com/1013060033_aerial.mp4
1013060042,https://aerial-videos-forrest.s3.us-east-2.amazonaws.com/1013060042_aerial.mp4
1013070001,https://aerial-videos-forrest.s3.us-east-2.amazonaws.com/1013070001_aerial.mp4
1013070023,https://aerial-videos-forrest.s3.us-east-2.amazonaws.com/1013070023_aerial.mp4
1013080033,https://aerial-videos-forrest.s3.us-east-2.amazonaws.com/1013080033_aerial.mp4
1013087502,https://aerial-videos-forrest.s3.us-east-2.amazonaws.com/1013087502_aerial.mp4
1013090023,https://aerial-videos-forrest.s3.us-east-2.amazonaws.com/1013090023_aerial.mp4
1013090066,https://aerial-videos-forrest.s3.us-east-2.amazonaws.com/1013090066_aerial.mp4
1013100001,https://aerial-videos-forrest.s3.us-east-2.amazonaws.com/1013100001_aerial.mp4
1013110001,https://aerial-videos-forrest.s3.us-east-2.amazonaws.com/1013110001_aerial.mp4
1013110040,https://aerial-videos-forrest.s3.us-east-2.amazonaws.com/1013110040_aerial.mp4
1013120015,https://aerial-videos-forrest.s3.us-east-2.amazonaws.com/1013120015_aerial.mp4
1013120024,https://aerial-videos-forrest.s3.us-east-2.amazonaws.com/1013120024_aerial.mp4
1013120041,https://aerial-videos-forrest.s3.us-east-2.amazonaws.com/1013120041_aerial.mp4
1013130005,https://aerial-videos-forrest.s3.us-east-2.amazonaws.com/1013130005_aerial.mp4
1013130014,https://aerial-videos-forrest.s3.us-east-2.amazonaws.com/1013130014_aerial.mp4
1013147502,https://aerial-videos-forrest.s3.us-east-2.amazonaws.com/1013147502_aerial.mp4
1013150001,https://aerial-videos-forrest.s3.us-east-2.amazonaws.com/1013150001_aerial.mp4
1013157501,https://aerial-videos-forrest.s3.us-east-2.amazonaws.com/1013157501_aerial.mp4
1013160001,https://aerial-videos-forrest.s3.us-east-2.amazonaws.com/1013160001_aerial.mp4
1013160012,https://aerial-videos-forrest.s3.us-east-2.amazonaws.com/1013160012_aerial.mp4
1013160023,https://aerial-videos-forrest.s3.us-east-2.amazonaws.com/1013160023_aerial.mp4
1013160030,https://aerial-videos-forrest.s3.us-east-2.amazonaws.com/1013160030_aerial.mp4
1013170001,https://aerial-videos-forrest.s3.us-east-2.amazonaws.com/1013170001_aerial.mp4
1013170007,https://aerial-videos-forrest.s3.us-east-2.amazonaws.com/1013170007_aerial.mp4
1013170021,https://aerial-videos-forrest.s3.us-east-2.amazonaws.com/1013170021_aerial.mp4
1013180001,https://aerial-videos-forrest.s3.us-east-2.amazonaws.com/1013180001_aerial.mp4
1013180033,https://aerial-videos-forrest.s3.us-east-2.amazonaws.com/1013180033_aerial.mp4
1013180038,https://aerial-videos-forrest.s3.us-east-2.amazonaws.com/1013180038_aerial.mp4
1013190012,https://aerial-videos-forrest.s3.us-east-2.amazonaws.com/1013190012_aerial.mp4
1013190047,https://aerial-videos-forrest.s3.us-east-2.amazonaws.com/1013190047_aerial.mp4
1013200046,https://aerial-videos-forrest.s3.us-east-2.amazonaws.com/1013200046_aerial.mp4
1013210001,https://aerial-videos-forrest.s3.us-east-2.amazonaws.com/1013210001_aerial.mp4
1013210022,https://aerial-videos-forrest.s3.us-east-2.amazonaws.com/1013210022_aerial.mp4
1013210047,https://aerial-videos-forrest.s3.us-east-2.amazonaws.com/1013210047_aerial.mp4
1013220001,https://aerial-videos-forrest.s3.us-east-2.amazonaws.com/1013220001_aerial.mp4
1013230047,https://aerial-videos-forrest.s3.us-east-2.amazonaws.com/1013230047_aerial.mp4
1013240001,https://aerial-videos-forrest.s3.us-east-2.amazonaws.com/1013240001_aerial.mp4
1013250001,https://aerial-videos-forrest.s3.us-east-2.amazonaws.com/1013250001_aerial.mp4
1013260001,https://aerial-videos-forrest.s3.us-east-2.amazonaws.com/1013260001_aerial.mp4
1013280001,https://aerial-videos-forrest.s3.us-east-2.amazonaws.com/1013280001_aerial.mp4
1013290001,https://aerial-videos-forrest.s3.us-east-2.amazonaws.com/1013290001_aerial.mp4
1013320001,https://aerial-videos-forrest.s3.us-east-2.amazonaws.com/1013320001_aerial.mp4
1013340001,https://aerial-videos-forrest.s3.us-east-2.amazonaws.com/1013340001_aerial.mp4
1013350005,https://aerial-videos-forrest.s3.us-east-2.amazonaws.com/1013350005_aerial.mp4
1013360031,https://aerial-videos-forrest.s3.us-east-2.amazonaws.com/1013360031_aerial.mp4
1013370014,https://aerial-videos-forrest.s3.us-east-2.amazonaws.com/1013370014_aerial.mp4
1013377501,https://aerial-videos-forrest.s3.us-east-2.amazonaws.com/1013377501_aerial.mp4
1013377502,https://aerial-videos-forrest.s3.us-east-2.amazonaws.com/1013377502_aerial.mp4
1013387503,https://aerial-videos-forrest.s3.us-east-2.amazonaws.com/1013387503_aerial.mp4
1013407502,https://aerial-videos-forrest.s3.us-east-2.amazonaws.com/1013407502_aerial.mp4
1013607501,https://aerial-videos-forrest.s3.us-east-2.amazonaws.com/1013607501_aerial.mp4
1013737507,https://aerial-videos-forrest.s3.us-east-2.amazonaws.com/1013737507_aerial.mp4
1013740014,https://aerial-videos-forrest.s3.us-east-2.amazonaws.com/1013740014_aerial.mp4
1013740021,https://aerial-videos-forrest.s3.us-east-2.amazonaws.com/1013740021_aerial.mp4
1013740045,https://aerial-videos-forrest.s3.us-east-2.amazonaws.com/1013740045_aerial.mp4
1013740060,https://aerial-videos-forrest.s3.us-east-2.amazonaws.com/1013740060_aerial.mp4
1013750016,https://aerial-videos-forrest.s3.us-east-2.amazonaws.com/1013750016_aerial.mp4
1013750021,https://aerial-videos-forrest.s3.us-east-2.amazonaws.com/1013750021_aerial.mp4
1013750049,https://aerial-videos-forrest.s3.us-east-2.amazonaws.com/1013750049_aerial.mp4
1013910014,https://aerial-videos-forrest.s3.us-east-2.amazonaws.com/1013910014_aerial.mp4
1013940001,https://aerial-videos-forrest.s3.us-east-2.amazonaws.com/1013940001_aerial.mp4
1013940005,https://aerial-videos-forrest.s3.us-east-2.amazonaws.com/1013940005_aerial.mp4
1013940013,https://aerial-videos-forrest.s3.us-east-2.amazonaws.com/1013940013_aerial.mp4
1014220005,https://aerial-videos-forrest.s3.us-east-2.amazonaws.com/1014220005_aerial.mp4
1014350044,https://aerial-videos-forrest.s3.us-east-2.amazonaws.com/1014350044_aerial.mp4
1014830001,https://aerial-videos-forrest.s3.us-east-2.amazonaws.com/1014830001_aerial.mp4
1014840014,https://aerial-videos-forrest.s3.us-east-2.amazonaws.com/1014840014_aerial.mp4
1015570008,https://aerial-videos-forrest.s3.us-east-2.amazonaws.com/1015570008_aerial.mp4
1016080069,https://aerial-videos-forrest.s3.us-east-2.amazonaws.com/1016080069_aerial.mp4
1016340003,https://aerial-videos-forrest.s3.us-east-2.amazonaws.com/1016340003_aerial.mp4
1016340065,https://aerial-videos-forrest.s3.us-east-2.amazonaws.com/1016340065_aerial.mp4
1017230010,https://aerial-videos-forrest.s3.us-east-2.amazonaws.com/1017230010_aerial.mp4
1017550033,https://aerial-videos-forrest.s3.us-east-2.amazonaws.com/1017550033_aerial.mp4
1017700036,https://aerial-videos-forrest.s3.us-east-2.amazonaws.com/1017700036_aerial.mp4
1017740001,https://aerial-videos-forrest.s3.us-east-2.amazonaws.com/1017740001_aerial.mp4
1017740056,https://aerial-videos-forrest.s3.us-east-2.amazonaws.com/1017740056_aerial.mp4
1017750033,https://aerial-videos-forrest.s3.us-east-2.amazonaws.com/1017750033_aerial.mp4
1018080008,https://aerial-videos-forrest.s3.us-east-2.amazonaws.com/1018080008_aerial.mp4
1018840001,https://aerial-videos-forrest.s3.us-east-2.amazonaws.com/1018840001_aerial.mp4
1019090012,https://aerial-videos-forrest.s3.us-east-2.amazonaws.com/1019090012_aerial.mp4
1019097501,https://aerial-videos-forrest.s3.us-east-2.amazonaws.com/1019097501_aerial.mp4
1019100001,https://aerial-videos-forrest.s3.us-east-2.amazonaws.com/1019100001_aerial.mp4
1019107501,https://aerial-videos-forrest.s3.us-east-2.amazonaws.com/1019107501_aerial.mp4
1019120012,https://aerial-videos-forrest.s3.us-east-2.amazonaws.com/1019120012_aerial.mp4
1019300030,https://aerial-videos-forrest.s3.us-east-2.amazonaws.com/1019300030_aerial.mp4
1019310021,https://aerial-videos-forrest.s3.us-east-2.amazonaws.com/1019310021_aerial.mp4
1019510004,https://aerial-videos-forrest.s3.us-east-2.amazonaws.com/1019510004_aerial.mp4
1019660095,https://aerial-videos-forrest.s3.us-east-2.amazonaws.com/1019660095_aerial.mp4
1019670040,https://aerial-videos-forrest.s3.us-east-2.amazonaws.com/1019670040_aerial.mp4
1019670045,https://aerial-videos-forrest.s3.us-east-2.amazonaws.com/1019670045_aerial.mp4
1019860065,https://aerial-videos-forrest.s3.us-east-2.amazonaws.com/1019860065_aerial.mp4
1019980017,https://aerial-videos-forrest.s3.us-east-2.amazonaws.com/1019980017_aerial.mp4
1021240043,https://aerial-videos-forrest.s3.us-east-2.amazonaws.com/1021240043_aerial.mp4
1022150824,https://aerial-videos-forrest.s3.us-east-2.amazonaws.com/1022150824_aerial.mp4
