bbl,total_gross_floor_area,total_building_energy_kBtu,building_eui_kBtu_sf_year,benchmark
1000050010,1016406.0,50402492.201900005,49.58893611598122,5% below avg
1000090001,692431.0,50234873.6004,72.54856238441087,38% above avg
1000090014,575860.0,30270665.803307272,52.566015704003185,0% above avg
1000090029,835356.0,72722757.1965,87.05600629731516,66% above avg
1000100014,365792.0,24458065.99766904,66.86331575777776,28% above avg
1000100016,336025.0,18566087.0995,55.252100586265904,5% above avg
1000100023,321994.0,20444567.8005,63.49362969651609,21% above avg
1000110021,361710.0,20118810.4002,55.62138287633739,6% above avg
1000130001,230911.0,8167240.2,35.36964544781323,33% below avg
1000130005,434220.0,22469339.90062104,51.74644166694542,1% below avg
1000130027,809401.0,78076731.4998,96.46236105440936,84% above avg
1000160120,1501878.0,100303636.9004,66.78547585116767,27% above avg
1000160125,2267925.0,184434046.701,81.3228156579252,55% above avg
1000160140,2233692.0,119229687.401,53.37785487032232,2% above avg
1000160150,2084079.0,143037206.5,68.63329389145038,31% above avg
1000160225,502000.0,59267307.39830001,118.06236533525896,125% above avg
1000160260,2157862.0,183257467.4987,84.92548063717697,62% above avg
1000200001,300954.0,16750914.200619996,55.659383828159775,6% above avg
1000200004,447442.0,26700028.69966,59.67260270528918,14% above avg
1000200009,394763.0,22874701.404092297,57.94540370828142,11% above avg
1000200016,354072.0,22132195.49973,62.50761285763912,19% above avg
1000210001,709506.0,28864147.201316,40.682033980425814,22% below avg
1000210004,335184.0,36443708.3954,108.727470271254,107% above avg
1000220013,200000.0,21574184.2007,107.8709210035,106% above avg
1000220017,145494.0,34615437.09550001,237.9165951551267,354% above avg
1000220020,405244.0,23529290.500200003,58.062032997897575,11% above avg
1000220024,300676.0,8753939.2,29.11419335098245,44% below avg
1000220028,345540.0,14981589.2002,43.35703305029808,17% below avg
1000230019,240279.0,85287127.19980001,354.9504001589819,577% above avg
1000240001,1072213.0,70948483.2992,66.17013904811823,26% above avg
1000240029,370000.0,15652978.400275,42.30534702777027,19% below avg
1000240036,205940.0,10678279.59984,51.85141108983199,1% below avg
1000250001,406025.0,30681938.500199996,75.5666239768487,44% above avg
1000250027,239071.0,16395367.89996,68.57949270283723,31% above avg
1000280012,95325.0,8427722.90025,88.4104159480724,69% above avg
1000290001,1007569.0,57503600.5024,57.07162536997466,9% above avg
1000290036,105000.0,5358060.89996,51.029151428190474,3% below avg
1000290070,671172.0,58821352.304,87.6397589649151,67% above avg
1000290073,97596.0,8636236.31159,88.48965440786506,69% above avg
1000330001,546882.0,43354426.099999994,79.27565014024962,51% above avg
1000350001,973587.0,75866392.0998,77.92461495459574,49% above avg
1000350010,990250.0,17881244.499900002,18.057303206160064,66% below avg
1000370023,1079361.0,42302594.5995,39.192257826158254,25% below avg
1000380001,463664.0,18490344.8048,39.87875876669312,24% below avg
1000380017,664990.0,61052063.0037,91.80899412577634,75% above avg
1000390012,1049691.0,73735049.9002,70.24452900920366,34% above avg
1000400003,1625483.0,17680493.700099997,10.877070815320735,79% below avg
1000400014,313918.0,19999499.39952528,63.70931071020229,22% above avg
1000420031,527605.0,21573579.599769108,40.88964206133208,22% below avg
1000430001,289049.0,13816283.6002,47.79910534269276,9% below avg
1000430002,1061286.0,62366390.9013,58.76492378237346,12% above avg
1000430005,108663.0,9462671.30024,87.08273561598705,66% above avg
1000440001,2224200.0,175936064.203,79.10082915340348,51% above avg
1000460001,173159.0,9870151.30004423,57.00050993621024,9% above avg
1000460003,364390.0,16395233.0,44.99364142814018,14% below avg
1000460009,1087770.0,107531396.4006,98.8549016801346,89% above avg
1000480001,1272119.0,53629049.700399995,42.15725863728157,20% below avg
1000490002,450000.0,25594179.299828343,56.87595399961854,9% above avg
1000500001,400000.0,24458745.4007376,61.146863501844,17% above avg
1000510001,400294.0,15419302.4004,38.51994384227593,26% below avg
1000510007,281121.0,13028714.2,46.34557432564625,12% below avg
1000627501,1690747.0,78153578.40100001,46.22428926444939,12% below avg
1000630003,647875.0,49690697.4957,76.69797028084122,46% above avg
1000640012,276000.0,11275867.3,40.85459166666667,22% below avg
1000640015,150000.0,6024720.69994,40.16480466626666,23% below avg
1000650007,144200.0,5920739.6000422,41.05922052733842,22% below avg
1000660001,640000.0,93249977.6987,145.70309015421876,178% above avg
1000670001,1073000.0,93569585.49979998,87.20371435209691,66% above avg
1000670023,558327.0,30275182.6044,54.22482273721314,3% above avg
1000680007,155450.0,14164806.599999998,91.12130331296235,74% above avg
1000680011,155026.0,7858038.300221,50.68851870151458,3% below avg
1000680036,377120.0,48398512.299600005,128.33716668328384,145% above avg
1000700043,143300.0,3180038.7002399997,22.191477321981857,58% below avg
1000717501,462377.0,17573141.0997,38.0060883212184,27% below avg
1000747501,744146.0,40663477.798,54.64448884761861,4% above avg
1000750021,234553.0,8311934.3,35.437339535201,32% below avg
1000750030,296076.0,13237320.499560002,44.709197974709205,15% below avg
1000770008,788240.0,38585518.0987,48.95148444471227,7% below avg
1000780004,493039.0,24606570.0,49.90795859962397,5% below avg
1000800001,1094861.0,67579725.8988,61.72448000138831,18% above avg
1000860001,1154357.0,69179815.6995,59.92930757079482,14% above avg
1000880001,133198.0,7568417.499999999,56.82080436643192,8% above avg
1000880005,80298.0,2502594.4000700004,31.1663354015044,41% below avg
1000880010,71959.0,4859173.10821,67.52696824872497,29% above avg
1000880018,480831.0,12990580.0993,27.016935470674724,48% below avg
1000890001,100000.0,6509295.1002,65.092951002,24% above avg
1000890012,756138.0,46005684.6992,60.84297403278238,16% above avg
1000920024,109173.0,2963446.29999,27.144498181693276,48% below avg
1000930001,463679.0,47143145.500599995,101.671944385232,94% above avg
1000940025,655775.0,42348409.6977,64.5776519350387,23% above avg
1001137501,805989.0,135414899.90899998,168.01085363323816,221% above avg
1001190001,1000518.0,96925721.8,96.87554027014006,85% above avg
1001210001,1056600.0,117958183.9974,111.63939428109028,113% above avg
1001220001,144016.0,10241912.8999878,71.1164933062146,36% above avg
1001240004,205000.0,8342841.80009,40.696789268731706,22% below avg
1001247502,476674.0,56828411.8012,119.21861020571713,128% above avg
1001250020,932587.0,45147132.9022,48.410639331451115,8% below avg
1001270018,507000.0,28485152.10214241,56.18373195688838,7% above avg
1001280002,1133549.0,93411243.3,82.4060038869074,57% above avg
1001347501,267438.0,8562293.30004,32.01599361362259,39% below avg
1001440040,802000.0,299122553.752,372.9707652768079,612% above avg
1001480010,100750.0,3613448.2,35.86549081885856,32% below avg
1001487501,591892.0,27187451.7049,45.933129194008366,12% below avg
1001490033,93615.0,7232088.29985,77.25352026758533,47% above avg
1001500031,253033.0,6931480.79994,27.39358423581114,48% below avg
1001500038,128940.0,3034959.10002,23.53776252536063,55% below avg
1001510032,132600.0,4548016.999894,34.29877073826546,35% below avg
1001530001,242062.0,17654405.101,72.93340177723063,39% above avg
1001530024,229824.0,9891830.39918,43.040893897852264,18% below avg
1001540023,71732.0,5487127.04328,76.49482857413706,46% above avg
1001550001,354169.0,21851126.5003,61.6968918801476,18% above avg
1001550003,103158.0,5201939.50008,50.42691308555807,4% below avg
1001660027,640000.0,34721818.300400004,54.25284109437501,4% above avg
1001680032,353000.0,23716355.90017,67.18514419311616,28% above avg
1001770002,304202.0,13289330.9001,43.6858761615637,17% below avg
1001920001,1092665.0,221159478.555,202.4037363281518,286% above avg
1001940042,230139.0,4558016.600269999,19.8054940721477,62% below avg
1001960005,56210.0,1651190.9025,29.375394102472868,44% below avg
1001977502,127401.0,15228995.99988,119.53592200908942,128% above avg
1002090028,103047.0,3041497.6001000004,29.515634614302215,44% below avg
1002120018,97814.0,1849347.51898,18.90677734250721,64% below avg
1002127504,245510.0,24452159.7996,99.5974086578958,90% above avg
1002160001,2354289.0,662380647.272,281.350610427182,437% above avg
1002210030,328415.0,10026921.0,30.53125161761795,42% below avg
1002250008,321641.0,18693693.5,58.11974686063033,11% above avg
1002260001,1000746.0,48246231.0985,48.21026623988504,8% below avg
1002310035,60000.0,2037093.13162,33.95155219366667,35% below avg
1002320001,52065.0,1660415.39976,31.891201378277152,39% below avg
1002330026,129135.0,9729284.9,75.34196693382894,44% above avg
1004260029,81900.0,930468.999994,11.361037850964593,78% below avg
1004730001,141050.0,5666966.89994,40.17700744374335,23% below avg
1004740030,57305.0,1749597.00017,30.53131489695489,42% below avg
1004760007,303214.0,17630529.2,58.14549855877367,11% above avg
1004770011,402111.0,43586405.1996,108.3939638547565,107% above avg
1004820016,130000.0,4240802.70005,32.621559231153846,38% below avg
1004827504,81696.0,6305612.50024,77.18385845377986,47% above avg
1004830017,143637.0,12551880.9,87.38612544121641,67% above avg
1004840024,77066.0,5385545.900065,69.8822554701814,33% above avg
1004860011,65972.0,1956823.36128,29.661422441035587,43% below avg
1004910046,182655.0,12663691.80006,69.33120801543895,32% above avg
1004960036,56340.0,3132777.67296,55.604857525026624,6% above avg
1004960040,54800.0,2463288.48,44.9505197080292,14% below avg
1004970001,169983.0,4533175.6999699995,26.668406252213455,49% below avg
1004970018,122454.0,3910533.10023,31.934710995394187,39% below avg
1004980009,112500.0,8698206.199979998,77.31738844426665,48% above avg
1004980011,243442.0,17886087.3987,73.4716581308895,40% above avg
1004990007,201002.0,5019295.60015,24.971371429886272,52% below avg
1005000011,52526.0,2997715.8397200005,57.07108555229792,9% above avg
1005010015,64414.0,4977145.07058,77.26806393920576,47% above avg
1005050001,214110.0,13304028.9008,62.13642006818925,19% above avg
1005050036,255000.0,35671953.6982,139.89001450274512,167% above avg
1005100001,178459.0,4636069.9999400005,25.97834796754437,50% below avg
1005100038,59757.0,4918958.82851,82.31602705139147,57% above avg
1005107502,197207.0,10521452.7001,53.35232877179816,2% above avg
1005110001,332256.0,18838192.2005,56.69782396856641,8% above avg
1005110006,127597.0,3408998.59998,26.716918109203196,49% below avg
1005110008,254822.0,6497756.3,25.499196694162983,51% below avg
1005110012,231840.0,7496212.6,32.33356021394065,38% below avg
1005120015,62536.0,916101.57225,14.649187224158885,72% below avg
1005120023,140000.0,18466807.2,131.9057657142857,152% above avg
1005190070,329116.0,14436061.8,43.863141870951274,16% below avg
1005207503,205348.0,24676002.4005,120.16675302656952,129% above avg
1005220001,122200.0,6910637.5999799995,56.55186252029459,8% above avg
1005220010,150603.0,5231875.00004,34.739513821371425,34% below avg
1005220012,131743.0,4292658.50021,32.583579394806556,38% below avg
1005230044,104500.0,7171386.100099999,68.62570430717703,31% above avg
1005230046,78958.0,6466715.440649999,81.9006996206844,56% above avg
1005230048,204920.0,14130092.50014,68.95418944046457,32% above avg
1005290072,104775.0,5176651.70015,49.40731758673348,6% below avg
1005297501,88138.0,4514062.099820001,51.21584446912797,2% below avg
1005300001,66905.0,8402654.34272,125.59082793094689,140% above avg
1005310020,67964.0,2569923.62522,37.81301314254605,28% below avg
1005320015,162693.0,6063460.30023,37.26933734229499,29% below avg
1005440001,101936.0,13763153.600079998,135.01759535473238,158% above avg
1005440008,97020.0,2962143.99975,30.531271900123684,42% below avg
1005450006,127143.0,6898425.4337100005,54.25721772893514,4% above avg
1005450015,349011.0,36079636.6463,103.3767894029128,97% above avg
1005450026,316832.0,5414718.9126699995,17.090189477925207,67% below avg
1005450053,93048.0,2607750.1997100003,28.02585976818417,47% below avg
1005460021,100628.0,3183185.01392,31.633193682871564,40% below avg
1005460026,56684.0,987987.07256,17.429734538141275,67% below avg
1005480009,55224.0,5036346.13836,91.1985031573229,74% above avg
1005540001,1089849.0,81845416.5981993,75.0979416398045,43% above avg
1005540035,385831.0,27147046.6991,70.35994178565227,34% above avg
1005590016,230591.0,16306739.0005,70.71715288324349,35% above avg
1005630001,220000.0,13476294.4,61.25588363636363,17% above avg
1005630031,115000.0,7703432.9,66.98637304347827,28% above avg
1005630046,57585.0,983051.6947700002,17.07131535590866,67% below avg
1005640007,57739.0,1960328.67236,33.951552197994424,35% below avg
1005640034,132000.0,5318475.0,40.29147727272727,23% below avg
1005650015,272925.0,18362554.6,67.28058844004764,28% above avg
1005760046,121054.0,9130403.5144,75.42421988864473,44% above avg
1005770019,151541.0,4325954.14215,28.5464273176896,46% below avg
1005770034,115500.0,3178741.1999399997,27.521568830649347,47% below avg
1005770039,126756.0,4419899.100120001,34.86934819748178,33% below avg
1005770071,86117.0,10137464.0,117.71733804010825,125% above avg
1005780047,332960.0,14938176.7002,44.864778652691015,14% below avg
1005780067,120592.0,7995404.8003,66.30128698669895,27% above avg
1005790047,972820.0,10629922.7001,10.926916284718654,79% below avg
1005800039,259427.0,13799112.6,53.190734194975846,2% above avg
1005800065,137975.0,3455895.60027,25.04725928805943,52% below avg
1005810063,299592.0,18511007.9,61.78739051777083,18% above avg
1005970001,59615.0,2590824.5856999997,43.459273432860854,17% below avg
1005970012,427972.0,20522588.601,47.95311048620003,8% below avg
1005970055,101280.0,6588859.60018,65.05588072847551,24% above avg
1005970062,193813.0,19081760.798699997,98.45449375790064,88% above avg
1005980042,266467.0,4004715.90007,15.028937542247258,71% below avg
1005980058,797477.0,50942246.5019,63.879267366833155,22% above avg
1005990064,1076164.0,36251541.60278,33.68588951384733,36% below avg
1006010047,118000.0,16779789.6998,142.20160762542372,171% above avg
1006020036,108764.0,6042553.30012,55.556556398440655,6% above avg
1006020068,245330.0,16771258.0003,68.36203481147842,30% above avg
1006030028,154328.0,8819260.19994,57.14620937185734,9% above avg
1006090007,140044.0,2638916.99995,18.843484904387193,64% below avg
1006270043,181550.0,10387950.4,57.21812393280087,9% above avg
1006450029,144000.0,8398925.00004,58.32586805583333,11% above avg
1006460001,158847.0,18729637.5,117.9099227558594,125% above avg
1006460019,122098.0,11355273.7,93.00130796573244,77% above avg
1006460027,53658.0,4107198.84002,76.54401654962913,46% above avg
1006467501,80330.0,6883242.9999400005,85.68707830125732,64% above avg
1006620003,630695.0,61628772.6001,97.71565114690937,86% above avg
1006720001,1925012.0,157833460.101,81.9908967325918,56% above avg
1006730001,1161731.0,13331596.5004,11.475631192074584,78% below avg
1006870029,553472.0,106673536.201,192.73519925307872,268% above avg
1006900012,195000.0,20682757.1002,106.06542102666668,102% above avg
1006910043,84803.0,128554.0,1.5159133521219768,97% below avg
1006920015,111329.0,4089843.899780001,36.736554714225406,30% below avg
1006920019,85275.0,3853486.29999,45.18893345048373,14% below avg
1006920023,83240.0,1820953.49998,21.875943055982702,58% below avg
1006960065,108081.0,2936461.09978,27.16907781922817,48% below avg
1006970013,76672.2,2035283.499988,26.54526021149778,49% below avg
1006970023,83612.0,3003359.60043,35.92019806283787,31% below avg
1006970047,218019.0,11689593.099987,53.61731362856907,2% above avg
1006970056,144079.0,10197363.1,70.77619292193867,35% above avg
1006980001,174186.0,7361798.5002,42.26400801556956,19% below avg
1006990005,300404.0,2524481.787179999,8.40362241241794,84% below avg
1007020010,1835464.0,210572214.0998,114.7242409002846,119% above avg
1007027501,398666.0,547492756.1049,1373.3118854000593,2521% above avg
1007050001,1178640.0,87939686.69999999,74.61115073304825,42% above avg
1007050039,2944455.0,152351130.597,51.74170792116029,1% below avg
1007080031,241508.0,15637131.7,64.74788288586713,24% above avg
1007080037,85442.0,4005121.59996,46.87532595163971,11% below avg
1007120001,281361.0,16577100.8,58.9175500513575,12% above avg
1007120029,62199.0,5558435.637840001,89.36535374909566,71% above avg
1007120036,156571.0,24180018.10073,154.43484489931083,195% above avg
1007120038,122962.0,21326074.1001,173.43629820676307,231% above avg
1007120042,116624.0,8938965.4,76.64773460008232,46% above avg
1007120046,111300.0,4381933.89996,39.370475291644205,25% below avg
1007130001,1100533.0,129968768.9,118.096203294222,125% above avg
1007280060,119996.0,4194697.900150001,34.95698106728558,33% below avg
1007290163,178460.0,5845522.699899999,32.7553664681161,37% below avg
1007297504,1976539.0,86516636.60000001,43.771783202861165,16% below avg
1007297505,1819686.0,31821350.6006,17.48727560722015,67% below avg
1007310001,538520.0,33315707.2,61.86531085196464,18% above avg
1007390001,2161994.0,543549702.8,251.411291058162,380% above avg
1007540078,338962.0,18045045.3001,53.23618960266932,2% above avg
1007570031,611625.0,49070940.700100005,80.23043646041285,53% above avg
1007570054,618653.0,26114352.4005,42.21163139999321,19% below avg
1007580082,384610.0,24246324.903899997,63.041327328722595,20% above avg
1007587501,286520.0,23933828.0,83.53283540416027,59% above avg
1007590031,62632.0,2126453.61698,33.95155219344744,35% below avg
1007590037,266912.0,9528943.6,35.70069386164728,32% below avg
1007590045,330291.0,17202826.9,52.08384999894032,1% below avg
1007600012,98454.0,1614820.20302,16.401773447701462,69% below avg
1007600032,232458.0,7717049.899970001,33.197609460504694,37% below avg
1007600043,137003.0,3592459.1999899996,26.22175572790377,50% below avg
1007600055,109885.0,2917607.0000799997,26.551458343540972,49% below avg
1007600063,122817.0,3353458.70031,27.30451566403674,48% below avg
1007610033,169596.0,4053537.30034,23.90113741090591,54% below avg
1007610037,162260.0,2574647.80032,15.867421424380623,70% below avg
1007610053,180064.0,2815660.19993,15.63699684517727,70% below avg
1007620019,110188.0,5559348.699999999,50.45330435256107,4% below avg
1007620033,224400.0,10890838.8001,48.533149733065954,7% below avg
1007620042,112700.0,3950156.60004,35.05019165962733,33% below avg
1007620050,156508.0,4167511.30014,26.628103995578503,49% below avg
1007627503,225464.0,17895057.000200003,79.36990827892703,51% above avg
1007630018,93661.0,2604000.1001,27.80239480787094,47% below avg
1007630024,132684.0,4248003.300039999,32.015942389738015,39% below avg
1007630049,68060.0,2310742.64224,33.95155219277108,35% below avg
1007637502,164449.0,1316391.33102,8.004860662089765,85% below avg
1007640001,185198.0,4265704.79998,23.033212021620106,56% below avg
1007660061,53168.0,2067395.86356,38.8842135036112,26% below avg
1007670012,108768.0,6390008.9001,58.74897856078994,12% above avg
1007670015,118945.0,9319589.50006,78.35209130320736,50% above avg
1007670054,167210.0,16333019.5,97.67968123916032,86% above avg
1007680050,115433.0,6726751.60009,58.27407760423795,11% above avg
1007750058,103873.0,2589029.89994,24.92495547389601,52% below avg
1007760001,173491.0,4991249.500043,28.769501011827703,45% below avg
1007760059,94331.0,2855201.96051,30.26790726813031,42% below avg
1007780020,156500.0,7013118.699680001,44.81226006185304,14% below avg
1007780036,87620.0,5110392.5,58.32449783154531,11% above avg
1007780043,217084.0,8145007.39991,37.52007241395036,28% below avg
1007780048,125042.0,2398004.2997700004,19.177590727675504,63% below avg
1007790013,106960.0,2179121.8000100004,20.373240463818252,61% below avg
1007790017,144323.0,4406360.00009,30.531238957685193,42% below avg
1007790039,143845.0,2093101.989,14.55109311411589,72% below avg
1007790041,127488.0,6638298.100020001,52.06998384177335,1% below avg
1007790049,77556.0,1428206.7999999998,18.415168394450458,65% below avg
1007790057,147524.0,2934422.1001700005,19.891150593598333,62% below avg
1007790066,94914.0,2472286.50011,26.047648398655625,50% below avg
1007790075,75876.0,4309595.390459999,56.79787271943697,8% above avg
1007800007,90174.0,2346820.20002,26.025464102956505,50% below avg
1007800010,104199.0,2177278.10001,20.895383832954252,60% below avg
1007800013,64625.0,2167794.53136,33.544209382746615,36% below avg
1007800036,416321.0,25913844.799999997,62.24486586071804,19% above avg
1007800071,65977.0,3779304.7751,57.282155525410374,9% above avg
1007819002,1048620.0,88408805.2008,84.3096690896607,61% above avg
1007830070,2336771.0,307943696.80099,131.78171793512928,151% above avg
1007840019,461386.0,17680778.7,38.32101255781493,27% below avg
1007840041,491253.0,22240572.7002,45.273153955701034,14% below avg
1007840051,84768.0,3058295.8531,36.07842408809928,31% below avg
1007840060,156320.0,8461485.09992,54.12925473336746,3% above avg
1007840064,165258.0,8055269.0999,48.743595468298054,7% below avg
1007840068,133948.0,2295590.09993,17.137919938558248,67% below avg
1007840077,111274.0,3778880.81881,33.96014180140914,35% below avg
1007850001,243350.0,7111395.600059999,29.222911855598927,44% below avg
1007850007,114368.0,2689498.80009,23.51618284913612,55% below avg
1007850011,132118.0,3863963.30007,29.246304818949724,44% below avg
1007850015,95568.0,5851845.999779999,61.23227439917126,17% above avg
1007850018,144141.0,5504338.39968,38.18718060565696,27% below avg
1007850025,106810.0,3976456.60039,37.22925381883719,29% below avg
1007850029,163681.0,3689776.39989,22.54248446606509,57% below avg
1007850037,189734.0,8292201.7,43.70435293621597,17% below avg
1007850041,84575.0,6176238.32427,73.02676115010345,39% above avg
1007850067,152667.0,6114617.70011,40.05199355531975,24% below avg
1007850075,81375.0,1939473.90023,23.83378064798771,55% below avg
1007860001,754487.0,26681008.899,35.363112815727774,33% below avg
1007860013,120459.0,5751565.59974,47.74708074730822,9% below avg
1007860023,130000.0,3573960.4999400005,27.492003845692313,48% below avg
1007860051,936037.0,41320908.1001,44.14452430844079,16% below avg
1007860064,83500.0,3489291.00005,41.78791616826347,20% below avg
1007860068,145720.0,4699714.59985,32.251678560595664,38% below avg
1007860076,139629.0,4294501.6,30.75651619649213,41% below avg
1007870001,225858.0,5652659.20004,25.027491609949617,52% below avg
1007870011,214130.0,6237779.600099999,29.130806519871104,44% below avg
1007870020,93948.0,1692306.62083,18.01322668742283,66% below avg
1007870025,163103.0,6036472.399809999,37.010186200192514,29% below avg
1007870040,606000.0,22519888.2008,37.16153168448845,29% below avg
1007870044,553748.0,20787588.998400003,37.539799689389405,28% below avg
1007870059,137887.0,5567859.00014,40.37986902420098,23% below avg
1007870067,96275.0,3153630.70018,32.75648610937419,37% below avg
1007870072,96736.0,2297962.2668700004,23.75498539189134,55% below avg
1007870076,95491.0,1744833.29983,18.272227747431693,65% below avg
1007880004,75115.0,1505601.68169,20.043955024828595,62% below avg
1007880011,146377.0,3050968.5001250003,20.843223321457607,60% below avg
1007880037,144635.0,4471423.300109999,30.915223148684618,41% below avg
1007880049,340000.0,15012797.6,44.15528705882353,16% below avg
1007880066,81763.0,1860472.99987,22.754461062705623,57% below avg
1007880073,181921.0,3993459.49994,21.951613612172316,58% below avg
1007880078,154516.0,2251649.30002,14.572272774469958,72% below avg
1007880086,119223.0,7481644.999770001,62.7533697337762,20% above avg
1007887501,345216.0,18075548.8,52.360113088616984,0% below avg
1007890009,177975.0,11410821.600047998,64.11474420591655,22% above avg
1007890014,117554.0,1748870.79994,14.877169640675776,72% below avg
1007890021,218558.0,4668869.00015,21.36215100865674,59% below avg
1007890027,88100.0,2027833.20016,23.017402953007945,56% below avg
1007890030,229162.0,11235379.9,49.0281106815266,6% below avg
1007890036,225981.0,11957052.90004,52.91176205096889,1% above avg
1007890052,166315.0,6582193.999962,39.57667077510748,24% below avg
1007890062,137119.0,12012977.1,87.60986515362569,67% above avg
1007890075,116100.0,6895816.4102,59.39549018260121,13% above avg
1007940017,52500.0,4625045.28813,88.09610072628571,68% above avg
1007940025,228000.0,9081158.7,39.82964342105263,24% below avg
1007940030,134235.0,8452688.19733,62.96933137654114,20% above avg
1007950028,165513.0,8707626.100000001,52.60992248343031,0% above avg
1007950037,76651.0,11998023.00036,156.52793832252678,199% above avg
1007950044,173891.0,9191064.20008,52.855318562087746,1% above avg
1007970037,237000.0,18941325.3014,79.92120380337552,53% above avg
1007970054,89389.0,2162028.3001499996,24.18673774345836,54% below avg
1007990012,68940.0,2104823.9999599997,30.53124455990716,42% below avg
1007990028,98800.0,2916999.80435,29.52428951771255,44% below avg
1008000025,130876.0,6267784.40009,47.89101439599315,9% below avg
1008000061,96000.0,2789884.9003,29.061301044791666,45% below avg
1008000065,66528.0,1125465.42993,16.917169160804473,68% below avg
1008000068,66115.0,1108156.46244,16.76104458050367,68% below avg
1008010001,548680.0,27093390.4993,49.37922012703215,6% below avg
1008010008,86027.0,1404901.80003,16.33094028653795,69% below avg
1008010024,128947.0,5247460.10008,40.6947048018178,22% below avg
1008010051,97005.0,2318560.49949,23.901453528065563,54% below avg
1008010055,75888.0,1692212.3764,22.29881373076112,57% below avg
1008010061,95069.0,2659946.00005,27.979109910170507,47% below avg
1008020008,179131.0,6471383.79996,36.1265431441794,31% below avg
1008020022,92970.0,2038380.599847,21.925143593062277,58% below avg
1008020056,117291.0,2209427.20013,18.83714181079537,64% below avg
1008020075,108000.0,3129443.1002,28.976325001851855,45% below avg
1008030004,197612.0,4598024.40013,23.267941218802505,56% below avg
1008030007,115925.0,2416795.30012,20.847921502005605,60% below avg
1008030018,84745.0,3374788.40001,39.82286152587173,24% below avg
1008030021,118785.0,3630858.80011,30.566643937450017,42% below avg
1008030067,123557.0,2114140.8998800004,17.110652572335038,67% below avg
1008040001,410334.0,29776402.7023,72.56625749340782,38% above avg
1008040011,57906.0,1767943.00015,30.531257557938726,42% below avg
1008040044,121579.0,5456841.900009999,44.88309576497585,14% below avg
1008050003,190325.0,4147013.90022,21.789118088637856,58% below avg
1008050019,70862.0,1158019.51357,16.341897117919334,69% below avg
1008050022,85869.0,2223936.1,25.899173159114465,51% below avg
1008050039,79465.0,1421028.7000000002,17.882447618448374,66% below avg
1008050094,216841.0,1742413.0,8.035440714625002,85% below avg
1008060001,83642.0,2467934.10023,29.505919277755194,44% below avg
1008060006,85517.0,12257522.69964,143.33433936690952,174% above avg
1008060009,98598.0,3965252.54114,40.216358761232485,23% below avg
1008060026,151525.0,3767306.69986,24.86260814954628,53% below avg
1008060058,384655.0,24035439.9,62.48570771210566,19% above avg
1008070001,1132632.0,60613398.0998,53.51552675520381,2% above avg
1008070028,221227.0,10945940.30006,49.47832000641875,6% below avg
1008070039,214349.0,6408932.999980001,29.899523673914977,43% below avg
1008080040,1123365.0,35101365.202415004,31.246625275324583,40% below avg
1008090053,806417.0,35055166.3032,43.47027196004052,17% below avg
1008110001,408511.0,18122046.49848,44.36122037957362,15% below avg
1008110010,99184.0,4683756.3000799995,47.222901880141954,10% below avg
1008110016,91777.0,6523270.76385,71.07740244124345,36% above avg
1008110021,313294.0,13409322.2,42.80108205072552,18% below avg
1008110031,386786.0,14513293.30003,37.52279891213746,28% below avg
1008110051,187350.0,6701240.50025,35.768564186015475,32% below avg
1008110056,101203.0,2833093.8998700003,27.9941691438989,47% below avg
1008110062,51853.0,806691.331159,15.557274046998248,70% below avg
1008117501,193534.0,9572268.4,49.46039662281562,6% below avg
1008120006,182000.0,10211253.1003,56.10578626538461,7% above avg
1008120016,165000.0,3523804.967014,21.356393739478783,59% below avg
1008120019,107209.0,4805726.49982,44.82577488662332,14% below avg
1008120022,397978.0,26699371.5,67.08755634733578,28% above avg
1008120029,76804.0,8657313.50006,112.71956538800062,115% above avg
1008120049,234846.0,7443982.60036,31.697293547090435,40% below avg
1008120063,120000.0,3712694.5,30.939120833333337,41% below avg
1008120069,93846.0,2158410.50003,22.999493851948937,56% below avg
1008130001,433330.0,16775006.9006,38.71185216947823,26% below avg
1008130023,479620.0,26089040.0012,54.39522955923439,4% above avg
1008130031,241001.0,12248784.6,50.824621474599695,3% below avg
1008130050,204034.0,10538421.1001,51.650318574845365,1% below avg
1008130055,499340.0,15214602.801,30.469425243321183,42% below avg
1008140001,411074.0,13594090.5002,33.069691832127546,37% below avg
1008140015,911896.0,93464694.2017,102.49490534194688,96% above avg
1008140019,768321.0,36975946.3018,48.12564839669877,8% below avg
1008140046,118949.0,4781439.200203,40.19738879858595,23% below avg
1008140052,367212.0,11257979.7,30.657984216202085,41% below avg
1008150001,1088074.0,71237753.4015,65.47142326854608,25% above avg
1008150014,361767.0,12203757.4001,33.73374962365279,36% below avg
1008150021,173108.0,20724279.2,119.7187836495136,128% above avg
1008150026,404413.0,48181218.703700006,119.13864960745576,127% above avg
1008150039,129808.0,4363685.20012,33.61645815450512,36% below avg
1008150046,364000.0,32552441.6981,89.42978488489011,71% above avg
1008160037,139895.0,6123363.39967,43.771138351406414,16% below avg
1008177502,250671.0,19040989.7,75.96008194007284,45% above avg
1008180041,148940.0,4159173.10014,27.92515845400833,47% below avg
1008180051,351552.0,13334589.8001,37.93063273740442,28% below avg
1008180066,106770.0,2073473.00012,19.419996254753208,63% below avg
1008190010,204970.0,8667716.80002,42.287733814802166,19% below avg
1008190037,70800.0,4384056.6707,61.92170438841807,18% above avg
1008190039,244069.0,5965591.599883,24.442233957950418,53% below avg
1008190044,100621.0,7712778.30046,76.65177547887617,46% above avg
1008190056,180000.0,6033242.10003,33.51801166683334,36% below avg
1008200026,191400.0,3428219.60001,17.911283176645767,66% below avg
1008200038,120000.0,6142220.1,51.1851675,2% below avg
1008210014,107152.0,7790359.19992,72.70381514036136,39% above avg
1008210032,284180.0,14957656.5001,52.63444471848828,0% above avg
1008210038,91000.0,2158836.70032,23.7234802232967,55% below avg
1008210041,187536.0,8737486.2001,46.59098093219435,11% below avg
1008210055,93722.0,3466987.20002,36.99224515076503,29% below avg
1008217501,95316.0,4923497.5997,51.65447143921273,1% below avg
1008220009,105942.0,3283571.10002,30.994044854920613,41% below avg
1008220015,100800.0,2258920.2996699996,22.4099236078373,57% below avg
1008220031,159009.0,5942532.800000001,37.37230471231189,29% below avg
1008220049,58900.0,1798290.9996,30.531256359932087,42% below avg
1008220052,53500.0,2077305.74446,38.82814475626168,26% below avg
1008220054,101368.0,2375787.79982,23.43725633158393,55% below avg
1008220058,60798.0,1994305.68455,32.802159356393304,37% below avg
1008220062,68808.0,2336138.40351,33.95155219611092,35% below avg
1008220070,142532.0,3543788.6999100004,24.86310933621924,53% below avg
1008227507,214027.0,8719083.2001,40.73823956837221,22% below avg
1008230024,118948.0,2015719.70012,16.94622608299425,68% below avg
1008230029,137007.0,9662934.0004,70.52876130708651,35% above avg
1008230055,169887.0,4482067.899900001,26.382641990852747,50% below avg
1008230073,55200.0,759596.16,13.7608,74% below avg
1008240015,284930.0,11457785.0,40.2126311725687,23% below avg
1008240028,499228.0,19954852.100500003,39.971420073593634,24% below avg
1008240032,81527.0,1354116.45577,16.60942332932648,68% below avg
1008250012,337000.0,13019529.7001,38.63361928813057,26% below avg
1008250017,92285.0,3295716.79988,35.71237795828141,32% below avg
1008250031,704950.0,64984683.4008,92.1833937170012,76% above avg
1008260019,94075.0,6961824.8999,74.00292213553016,41% above avg
1008260026,51659.0,5377967.80415,104.10514729572776,99% above avg
1008260046,294000.0,9358312.00005,31.830993197448983,39% below avg
1008260057,114806.0,2282638.4999200003,19.882571467693328,62% below avg
1008260065,128965.0,2841563.70025,22.033603692862403,58% below avg
1008260069,107473.0,1963592.90006,18.27056935286072,65% below avg
1008270008,91075.0,5779163.60011,63.45499423672797,21% above avg
1008270028,105667.0,7299555.899719999,69.08075273945508,32% above avg
1008270049,183168.0,15257446.19982,83.29755306505504,59% above avg
1008270064,88000.0,3925280.399830001,44.60545908897728,15% below avg
1008280009,112259.0,4177925.00004,37.21683784854667,29% below avg
1008280033,140906.0,4443395.6999200005,31.53446765872284,40% below avg
1008280035,150888.0,5830460.90006,38.64098470428397,26% below avg
1008280041,404245.0,15851440.000100002,39.21245779193311,25% below avg
1008280056,91000.0,2310959.40013,25.395158243186813,52% below avg
1008290007,83050.0,6511998.4003,78.41057676459964,50% above avg
1008290011,54238.0,4952650.977390001,91.31330390851434,74% above avg
1008290016,106799.0,6526612.20004,61.11117332596747,17% above avg
1008290032,50234.0,3897430.76608,77.58551511088108,48% above avg
1008290036,65247.0,8974354.12664,137.54431815470443,162% above avg
1008290068,141830.0,7355620.00006,51.86222943002186,1% below avg
1008300062,110000.0,1597939.1,14.526719090909092,72% below avg
1008310042,133300.0,4802365.70002,36.02674943750938,31% below avg
1008320001,187973.0,5739049.00012,30.53124118953254,42% below avg
1008320017,188884.0,7385861.60014,39.10263230416552,25% below avg
1008330006,120882.0,3220377.90016,26.64067355073543,49% below avg
1008330011,706740.0,52038945.2985,73.63237583623398,41% above avg
1008330018,132844.0,5756918.29996,43.335930113215504,17% below avg
1008330038,75700.0,2832202.0014500003,37.41350067965654,29% below avg
1008330057,113000.0,6891173.200069999,60.98383362893805,16% above avg
1008340019,61745.0,1110532.37214,17.985786252166168,66% below avg
1008340022,206388.0,9050451.10002,43.85163430054072,16% below avg
1008340039,99922.0,4298647.09994,43.020026620163726,18% below avg
1008340048,179472.0,9824038.70004,54.738559218373894,4% above avg
1008340049,319200.0,27061593.8,84.77942919799499,62% above avg
1008340080,117650.0,11418181.69998,97.05211814687632,85% above avg
1008347501,145814.0,10987733.5003,75.35444813460984,44% above avg
1008350041,2812739.0,158118923.79999998,56.215284745580725,7% above avg
1008360007,89582.0,4966531.69974,55.4411790285995,6% above avg
1008360010,275609.0,7885260.59974,28.61031606275557,45% below avg
1008360020,193957.0,10825086.20004,55.81178405543498,7% above avg
1008360026,443631.0,19124182.7013288,43.10831006248166,18% below avg
1008360033,62853.0,1754139.3981,27.908602582215646,47% below avg
1008360035,148709.0,4572101.70014,30.745292484920217,41% below avg
1008360043,154340.0,2253448.19985,14.600545547816507,72% below avg
1008367502,80978.0,12263835.5994999,151.44651139198177,189% above avg
1008370001,100738.0,5769861.49965997,57.27591871647214,9% above avg
1008370023,77112.0,4472896.863980001,58.00519846431166,11% above avg
1008370036,87301.0,3386684.20058,38.7931890880975,26% below avg
1008370048,133544.0,7520428.80014,56.31423950263584,7% above avg
1008370056,59367.0,2906158.00021,48.95241464466792,7% below avg
1008370058,71534.0,4053164.30197,56.66066908001789,8% above avg
1008380008,58825.0,2154785.05523,36.63043017815555,30% below avg
1008380012,70465.0,4957453.75871,70.35342026126446,34% above avg
1008380015,108875.0,2596263.7002000003,23.846279680367395,54% below avg
1008380024,91221.0,1315526.9999600002,14.421317459356947,72% below avg
1008380048,83288.0,2171848.14287,26.076363256051295,50% below avg
1008380062,75509.0,926720.15344,12.27297611463534,77% below avg
1008380072,54725.0,1752030.72719,32.01518003088168,39% below avg
1008380076,130625.0,8247595.79978,63.13948937630622,20% above avg
1008390009,140898.0,7053082.69975,50.05807534351091,4% below avg
1008390016,98270.0,2330681.20002,23.717118144092804,55% below avg
1008390019,57698.0,1248967.95164,21.646642026413392,59% below avg
1008390029,129465.0,3194792.69989,24.67688332669061,53% below avg
1008390034,82878.0,6003431.70013,72.4369760386351,38% above avg
1008390055,112120.0,2960070.00002,26.400909739743135,50% below avg
1008390060,65000.0,1654226.40713,25.44963703276923,51% below avg
1008390070,66577.0,2032680.99992,30.531279569821407,42% below avg
1008390073,120000.0,5491116.20035,45.75930166958333,13% below avg
1008397501,582435.0,33607295.0965,57.701365983328614,10% above avg
1008400013,63412.0,1533763.14189,24.18726963177317,54% below avg
1008400023,109172.0,1894770.30006,17.355826586120983,67% below avg
1008400028,65240.0,1991858.9998,30.531253828939303,42% below avg
1008400031,60449.0,1845581.00011,30.53120812767788,42% below avg
1008400042,693256.0,20492561.4002,29.559876005689095,44% below avg
1008400058,51273.0,1690914.969999,32.978662648938034,37% below avg
1008400071,157748.0,8816857.299770001,55.89203856638437,7% above avg
1008410001,255000.0,9417115.900099998,36.929866274901954,30% below avg
1008410008,114421.0,3512368.7999400003,30.69688955646254,41% below avg
1008410018,51000.0,1286122.1992,25.218082337254906,52% below avg
1008410020,208528.0,18174899.30012,87.15807613423617,66% above avg
1008410027,79056.0,6149441.05678,77.78588667248533,48% above avg
1008410031,135332.0,15408244.2602,113.85514335264386,117% above avg
1008410049,654013.0,42681931.303100005,65.26159465194118,25% above avg
1008410054,121758.0,9869560.00015,81.05882159817014,55% above avg
1008410075,91000.0,22719145.5985,249.66094064285713,376% above avg
1008410081,99058.0,3158813.6998799997,31.888526922409092,39% below avg
1008417502,1145415.8,2462298.59974,2.149698476081786,96% below avg
1008420023,92433.0,4905118.50012,53.06674564408815,1% above avg
1008420042,138727.0,5762612.700189999,41.5392295673517,21% below avg
1008430020,87545.0,4088019.99999,46.69621337586385,11% below avg
1008430045,272680.0,20245216.399899997,74.2453293233827,42% above avg
1008440001,103022.0,3155789.50002,30.632190211993557,42% below avg
1008440003,57820.0,2245701.12482,38.839521356278105,26% below avg
1008440042,51838.0,3323663.3714699997,64.1163503890968,22% above avg
1008460026,75799.0,2397276.02678,31.626750046570535,40% below avg
1008460033,237139.0,10635685.2,44.85000442778286,14% below avg
1008470001,214700.0,9596647.0001,44.69793665626455,15% below avg
1008470016,92418.0,5384447.199999999,58.26188837672314,11% above avg
1008470027,101724.0,13011223.0,127.90711139947308,144% above avg
1008470040,350000.0,23201400.7998,66.28971657085715,27% above avg
1008470062,276481.0,12735668.7001,46.06344993001327,12% below avg
1008480043,111569.0,9234530.2999,82.76967885254864,58% above avg
1008480061,98146.0,4294248.20048,43.75367514193141,17% below avg
1008490016,342429.0,17888149.400000002,52.23900253775235,0% below avg
1008490031,65600.0,1672996.21434,25.502991072256098,51% below avg
1008490063,98394.0,6135633.22727,62.357798516881104,19% above avg
1008490070,215740.0,5543673.100000001,25.696083711875406,51% below avg
1008500001,173159.0,6350041.599809999,36.67173868993237,30% below avg
1008500012,76389.0,5577992.7003,73.02088913717944,39% above avg
1008500025,100000.0,3346059.49999,33.460594999899996,36% below avg
1008510001,183449.0,3367544.10014,18.35684086661688,65% below avg
1008510035,168200.0,7737907.30016,46.00420511391201,12% below avg
1008510041,211732.0,13446289.7,63.50617620388038,21% above avg
1008530002,1233394.0,20679933.19885,16.76668866465217,68% below avg
1008547501,1630256.0,99444389.6,60.99924772551059,16% above avg
1008550016,185000.0,6827126.20006,36.90338486518919,30% below avg
1008550024,450727.0,27650769.502899997,61.34704489169719,17% above avg
1008550037,562152.0,53948219.8029,95.96731809706272,83% above avg
1008560009,217991.0,12504753.90003,57.36362464519178,9% above avg
1008560024,1159795.0,93350455.2007,80.48875465120993,54% above avg
1008560058,175428.0,6184739.6,35.2551451307659,33% below avg
1008570024,786069.0,61440766.896900006,78.16205307282186,49% above avg
1008570038,232133.0,15297055.3,65.89780556835952,26% above avg
1008570062,58500.0,3802016.95285,64.99174278376069,24% above avg
1008570076,258639.0,8996655.49994,34.784605183054374,34% below avg
1008580006,61968.0,1562115.42039,25.20842080412471,52% below avg
1008580022,257637.0,6351816.80029,24.654132753797008,53% below avg
1008580049,62100.0,1584545.80188,25.51603545700483,51% below avg
1008580078,444716.0,11848992.5002,26.643953669757774,49% below avg
1008590015,108290.0,2311289.3997,21.343516480746143,59% below avg
1008590024,120000.0,3351089.0001799995,27.925741668166665,47% below avg
1008590039,126784.0,5934194.5001,46.80554723072312,11% below avg
1008590048,160709.0,8545516.5,53.1738514955603,1% above avg
1008590052,75655.0,4843358.04464,64.01900792597978,22% above avg
1008590064,234970.0,6133846.2,26.104805719879135,50% below avg
1008590072,97988.0,3511147.58514,35.832424226844104,32% below avg
1008600001,614040.0,8775498.2001,14.291411308872386,73% below avg
1008600045,172831.0,4939263.59992,28.57857444509376,45% below avg
1008600049,150686.0,5293531.3001,35.129549527494255,33% below avg
1008610001,160454.0,13223692.69971,82.41422899840452,57% above avg
1008610003,60648.0,2059093.73752,33.95155219496109,35% below avg
1008610015,272000.0,9315204.0,34.247073529411765,35% below avg
1008610022,180019.0,8407053.59993,46.700923790988725,11% below avg
1008610044,271615.0,7299014.69991,26.87264952197044,49% below avg
1008610047,83623.0,3141775.88026,37.57071475861904,28% below avg
1008610049,85845.0,5614813.09966,65.40640805707962,25% above avg
1008610057,119006.0,2561359.900043,21.52294758283616,59% below avg
1008610064,71871.0,3402237.59982,47.338114118629214,10% below avg
1008610072,145500.0,3391502.09989,23.309292782749143,56% below avg
1008610075,56000.0,5672516.58849,101.29493908017857,93% above avg
1008620013,57156.0,2624062.36694,45.91053199909021,12% below avg
1008620016,98000.0,3484956.98344,35.560785545306125,32% below avg
1008620026,53934.0,1613848.48436,29.922655177809915,43% below avg
1008620029,852731.0,32228010.503799997,37.79387697151856,28% below avg
1008620045,91554.0,6171300.4001,67.40612534788212,29% above avg
1008630004,107095.0,8294255.50005,77.44764461506139,48% above avg
1008630006,127866.0,6576481.19993,51.43260288059375,2% below avg
1008630013,349683.0,13714569.9,39.220007549695005,25% below avg
1008630027,113182.0,7274116.80009,64.26920181733844,23% above avg
1008630029,139841.0,2952755.80004,21.11509357084117,60% below avg
1008630060,233484.0,4810759.20005,20.60423497991297,61% below avg
1008630067,280956.0,10948922.20004,38.97023804453366,26% below avg
1008640025,79961.0,5381286.50012,67.29888946011181,28% above avg
1008650014,659245.0,41449134.7978,62.873643027705945,20% above avg
1008650071,88595.0,8110125.30003,91.54156893763756,75% above avg
1008660001,122686.0,4115902.69993,33.54826712037234,36% below avg
1008660076,156760.0,8819425.899999999,56.26069086501658,7% above avg
1008670001,116598.0,6439073.90014,55.22456560266899,5% above avg
1008670015,115945.0,6075775.400110001,52.40222001906077,at avg
1008670018,1403959.0,4948588.00012,3.524738258111526,93% below avg
1008670070,309346.0,23041870.6,74.48575575569103,42% above avg
1008680008,82878.0,4232948.37976,51.07445135934747,3% below avg
1008680010,80797.0,8699806.599960001,107.67487159127197,105% above avg
1008680012,59191.0,4668833.600430001,78.8774239399571,51% above avg
1008680016,568459.0,36619601.3968,64.41907225815757,23% above avg
1008680025,396239.0,28454647.2001,71.81182871978781,37% above avg
1008680072,69378.0,3496459.95126,50.39724338061057,4% below avg
1008690016,217317.0,10910562.1,50.20574598397733,4% below avg
1008690020,104431.0,3547515.547259999,33.9699471158947,35% below avg
1008690034,868814.0,71765315.89649999,82.60147269323467,58% above avg
1008690054,281263.0,24258732.700000003,86.24928518859574,65% above avg
1008690058,91212.0,6039501.200149998,66.2138885250844,26% above avg
1008690064,89423.0,3036049.65164,33.951552191718015,35% below avg
1008690066,430070.0,32638222.69895,75.89048922024321,45% above avg
1008710003,145772.0,5484928.80002,37.62676508533875,28% below avg
1008710060,102805.0,4166555.500489999,40.52872428860464,23% below avg
1008710068,165875.0,8418663.5999,50.75305862788244,3% below avg
1008710070,67625.0,3151759.5078499997,46.606425254713486,11% below avg
1008720013,349777.0,13595688.20034,38.86958891047725,26% below avg
1008730067,333340.0,11465801.2,34.396715665686685,34% below avg
1008737502,91158.0,4297930.79992,47.14814717216262,10% below avg
1008740001,455451.0,24842977.5,54.54588418951764,4% above avg
1008740004,142173.0,5129683.400359999,36.08057366982479,31% below avg
1008760001,104048.0,4724645.79988,45.40832884707058,13% below avg
1008760006,220736.0,16363458.7,74.13135464989851,41% above avg
1008780001,106453.0,9171931.90028,86.159449712831,64% above avg
1008780065,220511.0,7419172.799969999,33.64536372321562,36% below avg
1008790081,356330.0,17516433.9,49.15789829652288,6% below avg
1008800014,65000.0,2726141.9034700003,41.94064466876924,20% below avg
1008800084,130000.0,5577869.89999,42.906691538384614,18% below avg
1008810001,269231.0,15132519.69995,56.20645356571123,7% above avg
1008810029,71043.0,2412020.12237,33.951552191911944,35% below avg
1008820003,89311.0,4494321.50003,50.32214956757846,4% below avg
1008820076,70217.0,3791765.40498,54.00067512112451,3% above avg
1008820085,209041.0,6920557.4001,33.10622031132649,37% below avg
1008830001,183913.0,9740036.5001,52.96002185870493,1% above avg
1008830088,248566.0,12158104.7001,48.912983674758415,7% below avg
1008860001,75588.0,1595231.04765,21.10428967097952,60% below avg
1008870082,123243.0,3514242.6999399997,28.514744853176243,46% below avg
1008870095,449437.0,14247519.50007,31.700815687337712,40% below avg
1008880024,119064.0,8183784.40008,68.73433111671034,31% above avg
1008880027,101283.0,6313450.80014,62.334753118884706,19% above avg
1008887503,687251.0,42274410.9009,61.51233086732503,17% above avg
1008897501,977745.0,32250337.5036,32.984405446818954,37% below avg
1008930025,179142.0,11511880.99991,64.26120619346663,23% above avg
1008950001,654168.0,46729976.6029,71.43421353979406,36% above avg
1008950045,493860.0,42229374.3,85.50879662252461,63% above avg
1009030047,150355.0,6437838.399699999,42.8175877070932,18% below avg
1009200012,898734.0,67026283.4981,74.57855549929123,42% above avg
1009270055,182258.0,10098502.6,55.407732993887784,6% above avg
1009400012,105572.0,3223245.00007,30.53124881663699,42% below avg
1009620001,608383.0,23711931.8989,38.97533609403944,26% below avg
1009690001,98400.0,5550047.20008,56.4029187,8% above avg
1009690005,98940.0,27227257.898799997,275.189588627451,425% above avg
1009930001,71741.0,2190341.0000400003,30.53123039879567,42% below avg
1009930011,747576.0,33998516.706999995,45.478341609414954,13% below avg
1009930022,304345.0,11997738.6,39.42150717113802,25% below avg
1009930029,682914.0,39076504.503,57.22024223108619,9% above avg
1009930036,174028.0,7687346.79996,44.17304571655136,16% below avg
1009930047,362850.0,17213455.5,47.439590739975195,9% below avg
1009930055,494868.0,27082833.90487,54.72738973801094,4% above avg
1009940001,1079378.0,43293612.0008,40.10977803957464,23% below avg
1009940045,217855.0,13005964.70006,59.700097312708,14% above avg
1009947504,181503.0,9757698.49999,53.7605356384743,3% above avg
1009950005,1601977.0,135955755.7038,84.86748293127803,62% above avg
1009950033,2212675.0,416768743.199285,188.35515527553073,259% above avg
1009960001,508344.0,50493161.5043,99.3287252417654,90% above avg
1009960029,977035.0,62324301.79979999,63.78922126617777,22% above avg
1009970029,686838.0,34189459.8001601,49.77805508745891,5% below avg
1009970041,426056.0,28445912.2994,66.76566531019397,27% above avg
1009980012,81698.0,3207671.96328,39.26255187740214,25% below avg
1009980024,53281.0,3506466.9557299996,65.81083229913101,26% above avg
1009980029,912955.0,60808178.6033,66.60588813610747,27% above avg
1009990003,236119.0,8228701.70025,34.8498075133725,33% below avg
1009990009,61160.0,1867288.99984,30.531213208633098,42% below avg
1009990019,577534.0,31337001.104359,54.2600108467363,4% above avg
1009990029,1041308.0,86288615.2988,82.86560297126307,58% above avg
1010000001,88931.0,44066740.7044,495.51608218056697,846% above avg
1010000029,1984228.0,189586156.713,95.54655851696478,82% above avg
1010010029,2636182.0,203548287.2,77.21329073637555,47% above avg
1010020001,1045917.0,125775848.10008,120.25413880841408,129% above avg
1010030005,751395.0,28716940.3,38.21816794096314,27% below avg
1010030029,1962900.0,122622365.9005,62.4700014776606,19% above avg
1010040020,1811610.0,154222819.8021,85.13025419494262,62% above avg
1010040029,1708404.0,164128027.099,96.0709686344682,83% above avg
1010050029,1750693.0,130976778.6984,74.81424710009122,43% above avg
1010060013,753137.0,42290992.5014,56.15312021770276,7% above avg
1010070029,1900241.0,174971019.50100002,92.07833085434952,76% above avg
1010080019,540000.0,36963541.301,68.45100240925926,31% above avg
1010080037,87573.0,2991827.2405200005,34.16380894248228,35% below avg
1010090005,599778.0,34844869.59805,58.09627828638263,11% above avg
1010090050,90000.0,4216330.2999,46.84811444333333,11% below avg
1010100015,260703.0,3558297.90012,13.648856745491996,74% below avg
1010100021,112147.0,7604787.30026,67.81088482313392,29% above avg
1010120015,268420.0,21171158.8002,78.87325385664258,51% above avg
1010120023,67823.0,2541514.0882,37.4727465343615,28% below avg
1010127501,1259189.0,110985782.3992,88.14068610764546,68% above avg
1010127502,150338.0,5977301.299939999,39.75908486171161,24% below avg
1010130029,979677.0,33024300.201100003,33.70937584642694,36% below avg
1010130041,232570.0,10151572.60009,43.64953605404825,17% below avg
1010130042,235300.0,16912469.5995,71.87619889290268,37% above avg
1010137501,240118.0,50317668.7954,209.55392263553753,300% above avg
1010140033,855000.0,47558084.9008162,55.623491112065736,6% above avg
1010150029,762028.0,61344470.700399995,80.50159666101507,54% above avg
1010160036,2052075.0,163223728.675,79.54082023074206,52% above avg
1010197502,1028336.0,97941537.301,95.2427390473542,82% above avg
1010210019,158150.0,11669727.90004,73.78898450863105,41% above avg
1010210026,561139.0,40718682.2005,72.56434181281286,38% above avg
1010220043,2438059.0,200229917.3,82.12677269089879,57% above avg
1010240015,736407.0,28710081.0987,38.986703139296615,26% below avg
1010240038,701095.0,65787225.801400006,93.83496644734308,79% above avg
1010250025,594030.0,48951990.599199995,82.40659663518677,57% above avg
1010250043,105950.0,20388703.699986,192.4370335062388,267% above avg
1010250054,134441.0,3247852.50017,24.158199508855184,54% below avg
1010260032,78750.0,1555854.56471,19.756883361396827,62% below avg
1010260055,843564.0,52095116.8011,61.755974414626515,18% above avg
1010270020,519600.0,25333059.0,48.75492494226328,7% below avg
1010277503,387093.0,31245756.6984,80.71899181437018,54% above avg
1010280029,816596.0,79337841.20120001,97.15678401706596,85% above avg
1010280033,124782.0,13401983.3,107.40317754163262,105% above avg
1010280056,435677.0,32851223.8032,75.40270384527987,44% above avg
1010287502,98341.0,7471727.999989999,75.97775088711727,45% above avg
1010290012,112100.0,3321659.20013,29.631214987778765,43% below avg
1010290053,206334.0,20064722.299999997,97.2438972733529,86% above avg
1010297501,529883.0,37349338.2032,70.48600955909134,35% above avg
1010320048,552775.0,7257017.79996,13.12833937851748,75% below avg
1010350001,236280.0,16465915.8,69.68814880650076,33% above avg
1010350017,181021.0,7841734.50006,43.3194739840129,17% below avg
1010400029,1561011.0,143344357.69924003,91.82789724046788,75% above avg
1010430013,90000.0,2983185.19996,33.14650222177777,37% below avg
1010480033,102720.0,9837267.4,95.76779010903424,83% above avg
1010540041,59152.0,1805984.00004,30.531241547876657,42% below avg
1010607502,176863.0,48651401.795,275.07959151999006,425% above avg
1010650012,263438.0,13658109.1,51.84563009133078,1% below avg
1010750001,530130.0,23450426.399,44.23523739271499,16% below avg
1010850001,491870.0,214022344.90998,435.1197367393417,730% above avg
1010850023,186100.0,51968563.8981,279.25074636270824,433% above avg
1010867502,839398.0,60058918.8974,71.54999046626273,37% above avg
1010980029,103788.0,332242.690009,3.201166705293483,94% below avg
1010990021,121638.0,11841399.8,97.34951084365082,86% above avg
1011020011,152375.0,3660638.80005,24.02388055816243,54% below avg
1011020018,275000.0,28699479.1011,104.3617421858182,99% above avg
1011027501,378867.0,33273670.8003,87.82414620513268,68% above avg
1011050036,143128.0,18197495.9236,127.14141134928175,143% above avg
1011130008,134102.0,4552971.05251,33.95155219541841,35% below avg
1011130051,113100.0,6158607.77904,54.45276550875331,4% above avg
1011190001,132635.0,8694421.39992,65.55148640946959,25% above avg
1011397502,110804.0,12066933.3,108.9034087217068,108% above avg
1012580001,338886.0,4764147.699999999,14.058260595008347,73% below avg
1012580009,1517497.0,103612866.2998,68.27879481791398,30% above avg
1012580021,949976.0,35907725.700500004,37.79856091153882,28% below avg
1012580034,659122.0,48648354.8009,73.80781524649457,41% above avg
1012590001,615000.0,43862712.4005,71.32148357804878,36% above avg
1012590019,287894.0,22341157.79977,77.60202643948814,48% above avg
1012600001,179513.0,16237072.1,90.45067543854762,73% above avg
1012600024,253442.0,11984436.2,47.28670149383291,10% below avg
1012600042,119990.0,7207155.19994,60.064632052171014,15% above avg
1012600064,58538.0,1717639.9154500002,29.34230611653969,44% below avg
1012600071,69481.0,3847590.4999,55.37615319151999,6% above avg
1012607503,446678.0,18312536.8018,40.9971764935815,22% below avg
1012610016,108929.0,9781984.20008,89.80146884741437,71% above avg
1012610019,55623.0,1698241.99985,30.531291010013845,42% below avg
1012610021,187567.0,10543669.7999,56.21281888551824,7% above avg
1012610030,64206.0,6181739.59143,96.2797805723764,84% above avg
1012610034,183524.0,10857214.2,59.15964233560733,13% above avg
1012610036,55779.0,5190595.64992,93.05644866204126,78% above avg
1012610042,126754.0,4838067.60011,38.168954037821294,27% below avg
1012620001,327766.0,22095615.9569,67.4127760563939,29% above avg
1012620024,75008.0,3192861.20503,42.56694225989228,19% below avg
1012620048,118292.0,5446633.19995,46.043969160636394,12% below avg
1012620054,55613.0,1697931.0002,30.531188754427923,42% below avg
1012620056,97785.0,8497684.80019,86.90172112481464,66% above avg
1012627502,487299.0,28040382.600199997,57.54245873724345,10% above avg
1012630005,79827.0,6352693.5002,79.58076215065078,52% above avg
1012630007,81726.0,5765875.34751,70.55129759819397,35% above avg
1012630014,85952.0,4670169.60007,54.33462397698715,4% above avg
1012630024,120790.0,6446100.40042,53.366176011424784,2% above avg
1012630034,373005.0,34498502.6,92.48804332381604,76% above avg
1012630038,101459.0,9018121.19988,88.88438876669393,70% above avg
1012630051,88250.0,3614013.610309999,40.95199558424928,22% below avg
1012630059,58201.0,1776948.99987,30.531245165375164,42% below avg
1012630061,118134.0,11742630.699419998,99.40094045253691,90% above avg
1012630067,105262.0,10252938.2,97.40398434382776,86% above avg
1012630071,248896.0,6440741.40006,25.877239489827076,51% below avg
1012640005,1898155.0,9329294.275,4.914927534895727,91% below avg
1012640030,6031626.0,408908792.612,67.79412261502951,29% above avg
1012640040,136647.0,8096666.40006,59.25242705701552,13% above avg
1012650050,272637.0,13894314.6003,50.96268885110971,3% below avg
1012657501,2122138.0,199746969.872,94.12534428580987,80% above avg
1012660001,2734038.0,28960781.1625,10.592676898601994,80% below avg
1012670001,1920459.0,185413286.202,96.54633928763906,84% above avg
1012670022,616778.0,27135185.3007,43.99506029835694,16% below avg
1012670034,297437.0,21349926.099688,71.77965787608133,37% above avg
1012670041,345909.0,28135400.7987,81.33757953305638,55% above avg
1012680001,892704.0,62456274.2985,69.96302727275783,34% above avg
1012680021,75806.0,4489435.699750001,59.22269608935969,13% above avg
1012687501,730175.0,39199450.9995,53.68500838771527,2% above avg
1012690001,474244.0,46338997.8038,97.71130009826166,86% above avg
1012690041,205020.0,13639204.80006,66.52621597922155,27% above avg
1012700049,75000.0,9082931.09986,121.10574799813337,131% above avg
1012700071,568710.0,42258615.3013,74.30608799089167,42% above avg
1012710038,543411.0,26073390.5000054,47.98097664567961,8% below avg
1012710071,311501.0,25487628.700099997,81.82198034709359,56% above avg
1012720034,113292.0,5343297.000085,47.163939202106064,10% below avg
1012720063,712000.0,94305987.0996,132.4522290724719,153% above avg
1012720066,76843.0,9153406.3178,119.1182842653202,127% above avg
1012727503,333666.0,43882453.6993,131.51610802209396,151% above avg
1012730001,158597.0,15197683.200865,95.82579242271292,83% above avg
1012730012,69649.0,4544489.1003600005,65.24844721905556,25% above avg
1012730022,1698259.0,152936747.0981,90.05501934516467,72% above avg
1012750001,238748.0,11564399.900206,48.43768282961951,8% below avg
1012750008,86788.0,2511595.19998,28.93942941397428,45% below avg
1012750012,57653.0,1005843.39125,17.446505667528143,67% below avg
1012750014,102079.0,10832955.59974,106.12325355597136,103% above avg
1012750023,477127.0,34526201.698300004,72.36270782894283,38% above avg
1012750027,861569.0,43455136.700425,50.437210136883984,4% below avg
1012750050,301128.0,8725181.4,28.974992029967325,45% below avg
1012750059,170230.0,7885761.30002,46.32415731668919,12% below avg
1012750061,92949.0,3620519.70002,38.95167995373807,26% below avg
1012750064,83267.0,7684670.900149999,92.28951325435044,76% above avg
1012750069,260000.0,55596905.10090999,213.83425038811535,308% above avg
1012760004,163763.0,13072680.8,79.82682779382401,52% above avg
1012760033,600000.0,66344145.6983,110.57357616383334,111% above avg
1012760042,1150564.0,78121658.50400001,67.89857713608284,30% above avg
1012760051,138883.0,4477577.00012,32.23992137353024,38% below avg
1012760058,1142417.0,90452473.8994,79.17640747590416,51% above avg
1012760069,132961.0,7289402.09998,54.82361068268139,5% above avg
1012770002,251043.0,14811547.8001,59.00004302091673,13% above avg
1012770008,304525.0,20514595.8,67.36588391757655,29% above avg
1012770014,733001.0,48890433.2035681,66.69899932410475,27% above avg
1012770027,1678135.0,220838311.9918,131.59746503815245,151% above avg
1012770069,125632.0,3409053.59993,27.135233061083163,48% below avg
1012780001,446045.0,29270427.0008,65.62213902364111,25% above avg
1012780014,647001.0,19925190.2013,30.796227828550496,41% below avg
1012780020,874744.0,59875707.7028,68.4494065724372,31% above avg
1012780069,271266.0,11337429.10023,41.79450834321294,20% below avg
1012790001,332312.0,21403460.0001,64.4077252705289,23% above avg
1012790009,110999.0,6660744.3998517,60.0072469107983,15% above avg
1012790017,140280.0,7479524.11994,53.318535214856,2% above avg
1012790045,162330.0,12037252.7,74.152976652498,42% above avg
1012790057,380775.0,19891409.80003,52.23927463733176,0% below avg
1012790065,79290.0,7861231.500069999,99.145308362593,89% above avg
1012790069,180349.0,16292628.6,90.3394451868322,72% above avg
1012807501,1044054.0,46722613.29979999,44.751146300670264,15% below avg
1012809010,3078513.0,307951439.7,100.03252859416216,91% above avg
1012810001,427158.0,42570091.798999995,99.6588892142954,90% above avg
1012810056,84518.0,4792663.60004,56.705833077450954,8% above avg
1012810059,87016.0,6857875.58777,78.81166208249057,50% above avg
1012810069,206378.0,10636341.1001,51.53815377656534,2% below avg
1012817501,323029.0,13617772.5,42.1565014286643,20% below avg
1012820001,345048.0,35003883.099700004,101.44641643974172,94% above avg
1012820017,821165.0,40922666.2026,49.83488848477468,5% below avg
1012820021,1174988.0,154765257.701,131.71645812638087,151% above avg
1012820034,519783.0,14382859.900199998,27.670893238524535,47% below avg
1012830001,130715.0,8638684.49994,66.08793558459244,26% above avg
1012830017,146191.0,6771100.699999999,46.31680951631769,12% below avg
1012830021,2344406.0,8838847.7,3.770186435284673,93% below avg
1012830058,117629.0,8166543.30008,69.42627498389002,32% above avg
1012830069,183902.0,12870391.00014,69.98505182183989,34% above avg
1012840002,72000.0,2327986.3930200003,32.3331443475,38% below avg
1012840007,656428.0,40356690.4048551,61.479233678111086,17% above avg
1012840026,810426.0,67355911.5004,83.1117356802472,59% above avg
1012840033,386166.0,67355911.5004,174.42216948255415,233% above avg
1012840052,102519.0,9111269.50006,88.87395994947278,70% above avg
1012840056,62237.0,4301302.97026,69.11166942911773,32% above avg
1012847501,123931.0,7396116.0003,59.67930542237213,14% above avg
1012850015,401686.0,25264873.0003,62.897071345030696,20% above avg
1012850021,800694.0,88527035.3988,110.5628809492765,111% above avg
1012850036,645483.0,48895011.0976,75.74949471574,45% above avg
1012860035,656436.0,50988815.1061,77.67522668790255,48% above avg
1012860043,74455.0,7464141.17764,100.25036837875228,91% above avg
1012870014,492669.0,23964924.900999,48.64305426361107,7% below avg
1012870021,262297.0,9066459.300129998,34.565623320625086,34% below avg
1012870028,360000.0,22186402.3034,61.62889528722222,18% above avg
1012870033,541896.0,42327392.7984,78.10980852119226,49% above avg
1012870052,263067.0,11908965.5002908,45.26970505723181,14% below avg
1012870058,90816.0,7154589.299989,78.78115420178162,50% above avg
1012880001,52400.0,6428353.3041900005,122.6784981715649,134% above avg
1012880007,317071.0,40966419.1004,129.20266785798765,147% above avg
1012880021,164722.0,11054374.5,67.10927805636163,28% above avg
1012880027,1064223.0,55275146.800953,51.93944013703237,1% below avg
1012880051,134039.0,10269669.3,76.61702414968778,46% above avg
1012880056,292663.0,20243973.600199997,69.17161923509292,32% above avg
1012880069,158214.0,7144343.19994,45.156201094340574,14% below avg
1012890014,1015287.0,76687237.49949999,75.53257108531872,44% above avg
1012890021,331020.0,15992717.10055,48.31344662120114,8% below avg
1012890028,112933.0,7711289.6,68.28198666465957,30% above avg
1012890036,262945.0,19556472.2999,74.37476392363422,42% above avg
1012890052,197948.0,10232278.8,51.69175136904642,1% below avg
1012897501,86444.0,6912795.3003,79.96848017560502,53% above avg
1012900001,103060.0,7554319.799971439,73.30021152698853,40% above avg
1012900003,101319.0,6060669.6002187,59.81770053216771,14% above avg
1012900006,297638.0,9248804.899922,31.07400567105679,41% below avg
1012900021,444293.0,34515672.4995,77.68673487878495,48% above avg
1012900036,214392.0,11059380.4,51.58485577820069,2% below avg
1012900037,249417.0,8777931.100334,35.19379633438779,33% below avg
1012900044,135000.0,5135927.899939999,38.04391036992592,27% below avg
1012900052,138240.0,10856988.60024,78.53724392534721,50% above avg
1012900056,272532.0,26163625.9001,96.00203242224768,83% above avg
1012910001,310000.0,28358636.6012,91.47947290709678,75% above avg
1012910010,685125.0,29219931.498732,42.649051631062946,19% below avg
1012910021,149179.0,6464338.89996,43.332767346342315,17% below avg
1012910028,528552.0,28246083.10279,53.44049989932873,2% above avg
1012910038,233115.0,29877972.4,128.16838212899214,145% above avg
1012910045,62933.0,2536899.05832,40.311109566046426,23% below avg
1012917501,364014.0,14875174.2,40.86429148329459,22% below avg
1012920015,999646.0,76585870.9001,76.61299189923233,46% above avg
1012920037,325116.0,36490148.5979,112.23732021155529,114% above avg
1012920048,77511.0,1865691.94826,24.07002810259189,54% below avg
1012920052,400943.0,21478471.7008,53.56988824047309,2% above avg
1012930001,91060.0,10343629.4001,113.5913617406106,117% above avg
1012930014,99381.0,7756002.2002,78.04310884575523,49% above avg
1012930016,76656.0,6917421.8002,90.2397959742225,72% above avg
1012930026,305037.0,19961375.7997,65.4391952441835,25% above avg
1012930035,254185.0,15511051.56493,61.022686487912345,16% above avg
1012930059,343305.0,39164980.80320001,114.08217416932467,118% above avg
1012930069,459340.0,25974330.197927997,56.54706796257238,8% above avg
1012940001,1824820.0,208199437.7,114.0931366929341,118% above avg
1012940037,103178.0,20287623.8002,196.6274186376941,275% above avg
1012940046,526635.0,33086659.7015,62.82654913080216,20% above avg
1012950001,1088389.0,79796788.89989999,73.31642353965356,40% above avg
1012950017,238293.0,12525670.80034,52.564157572148574,0% above avg
1012950020,126888.0,7437417.899879999,58.61403678740306,12% above avg
1012950023,225000.0,10268049.79998387,45.6357768888172,13% below avg
1012950033,1088000.0,80904644.6006,74.36088658143383,42% above avg
1012950040,210777.0,9850079.8001,46.73223264445362,11% below avg
1012950058,245292.0,18787714.79996,76.59326353880274,46% above avg
1012960001,541089.0,40876151.6999,75.54422969215786,44% above avg
1012960014,862071.0,73474060.3013,85.22970880739521,63% above avg
1012967501,240827.0,10646937.4003,44.20989922350899,16% below avg
1012967502,1241644.0,45033366.3039,36.26914502377493,31% below avg
1012970023,1035307.0,48481393.003,46.82803555177353,11% below avg
1012970033,666376.0,47065565.894700006,70.62914314846275,35% above avg
1012980023,675086.0,42242115.6999,62.57293989195451,19% above avg
1012990022,97075.0,8476340.62328,87.31744139356168,67% above avg
1012990027,629323.0,38691569.6983,61.48125795227569,17% above avg
1012990033,359326.0,27899020.1,77.64264233592893,48% above avg
1013000001,1212596.0,86409834.9014,71.26020117285559,36% above avg
1013000033,665110.0,39195735.00040001,58.93120686863828,12% above avg
1013010001,1592125.0,129940952.398,81.61479305833399,56% above avg
1013010023,794557.0,46381364.800699994,58.37386719983588,11% above avg
1013010033,761384.0,32285368.399499997,42.40352883630336,19% below avg
1013027501,1270270.0,104207199.501,82.03547238067497,57% above avg
1013030001,1039281.0,102669350.9,98.78882698711898,89% above avg
1013030033,515182.0,24424277.19817,47.40902670933767,10% below avg
1013040033,528180.0,57194788.6015,108.28654739198755,107% above avg
1013050013,333848.0,15474280.0,46.35127363350986,12% below avg
1013050033,159582.0,17519001.7005,109.78056234725722,109% above avg
1013050040,150638.0,6079079.4000699995,40.35555039279597,23% below avg
1013050060,554277.0,43612945.7981,78.68438668409478,50% above avg
1013060001,1783232.0,228757590.998,128.282573999345,145% above avg
1013060023,624883.0,22768160.305,36.43587728422761,30% below avg
1013060033,574675.0,31061370.99988,54.05032583613347,3% above avg
1013060042,304640.0,19497175.9969,64.0007090234375,22% above avg
1013070001,824906.0,82960406.1987,100.56952695058588,92% above avg
1013070014,305167.0,18129290.500323,59.40776853435331,13% above avg
1013070023,984485.0,64273819.8994,65.28674372834529,25% above avg
1013080033,142235.0,6545182.199922,46.0166780322846,12% below avg
1013087501,1654020.0,91086520.5,55.069781804331264,5% above avg
1013087502,1526121.0,94899058.8,62.18318128116971,19% above avg
1013090023,431744.0,24498408.599000003,56.742904589293666,8% above avg
1013090032,516710.0,23834296.4984167,46.127027730093666,12% below avg
1013090066,73000.0,4597679.35781,62.98190901109589,20% above avg
1013100001,700000.0,44090384.003800005,62.98626286257144,20% above avg
1013100041,51923.0,1745637.5035700002,33.61973506095565,36% below avg
1013100063,171591.0,7697062.0,44.85702630091322,14% below avg
1013100065,84543.0,4513588.6999,53.38808298617272,2% above avg
1013110001,329507.0,28420059.8,86.25024597353016,65% above avg
1013110040,313200.0,41648565.599999994,132.97754022988505,154% above avg
1013110050,102917.0,5151388.4996,50.05381520642848,4% below avg
1013120015,397354.0,23064540.499441,58.04532104733059,11% above avg
1013120024,58458.0,1784798.00012,30.53128742208081,42% below avg
1013120041,529736.0,44965057.0022,84.88201104361418,62% above avg
1013130004,278921.0,16861692.0,60.45328964115287,15% above avg
1013130005,538141.0,46026130.4976,85.52801309991249,63% above avg
1013130014,130837.0,6390133.7676800005,48.84041798329219,7% below avg
1013137502,229547.0,8362117.2,36.42878016266821,30% below avg
1013147502,769851.0,42744348.1015,55.5228844302339,6% above avg
1013150001,384432.0,29679146.7,77.20259161568235,47% above avg
1013157501,907907.0,49795445.0009,54.84641598853187,5% above avg
1013160001,289356.0,26198168.2996,90.53957166811816,73% above avg
1013160012,300000.0,14107442.000099998,47.02480666699999,10% below avg
1013160023,672462.0,77932294.7006,115.89100157421534,121% above avg
1013160030,141408.0,11553287.10006,81.7017926854209,56% above avg
1013170001,645347.0,38714073.4991813,59.98954593293422,14% above avg
1013170007,177000.0,8107174.999840001,45.80324858666667,13% below avg
1013170021,137784.0,7246566.799961001,52.593674156367946,0% above avg
1013180001,497908.0,30177815.1004,60.60921917382328,16% above avg
1013180033,208052.0,7550036.399900001,36.28917962768923,31% below avg
1013180038,156626.0,15737423.2,100.47771889724568,92% above avg
1013190012,151617.0,5725724.0999,37.76439383380492,28% below avg
1013190047,390878.0,31384639.3029,80.29267265719739,53% above avg
1013200046,417356.0,24452869.3011,58.58995510092104,12% above avg
1013210001,407767.0,25251397.6,61.92604502080845,18% above avg
1013210022,812598.0,44955455.405,55.323118448482525,6% above avg
1013210047,281892.0,18333553.4,65.03750869127182,24% above avg
1013220001,539082.0,41171736.3017,76.3737915599111,46% above avg
1013230047,597523.0,33478692.3989,56.02912757985885,7% above avg
1013240001,100000.0,16490232.09992,164.9023209992,215% above avg
1013250001,352888.0,21668596.3999,61.40360794331346,17% above avg
1013260001,634175.0,38427522.39934,60.59450845482714,16% above avg
1013280001,1278510.0,68444049.49939999,53.53423086201906,2% above avg
1013290001,1428504.0,108435944.1958,75.90874382976877,45% above avg
1013320001,579779.0,42943661.599999994,74.06901871230244,41% above avg
1013340001,207887.0,10086500.4002,48.51914934651998,7% below avg
1013350005,299094.0,23227555.29966,77.65971667656322,48% above avg
1013357501,400144.0,33662433.903,84.1257994696909,61% above avg
1013360031,246215.0,17269767.1,70.14100318827042,34% above avg
1013370014,600000.0,43818310.79890001,73.03051799816669,39% above avg
1013377501,258289.0,12609622.3001,48.81981927259775,7% below avg
1013377502,586305.0,30926754.898,52.748577784600165,1% above avg
1013387503,102986.0,5662720.09994,54.98533878332977,5% above avg
1013390005,153689.0,7902468.200099999,51.4185673672156,2% below avg
1013397501,170778.0,3517557.2002099995,20.597250232524093,61% below avg
1013407502,132057.0,10223940.8,77.42066531876387,48% above avg
1013607501,252715.0,62914149.90010001,248.95297034248068,375% above avg
1013737507,214027.0,7961446.49993,37.19832778074729,29% below avg
1013740014,531000.0,31002148.601186,58.38446064253484,11% above avg
1013740021,149881.0,10462228.400200002,69.80356683101928,33% above avg
1013740045,134302.0,4962035.70003,36.94684889301723,29% below avg
1013740049,164615.0,7171714.89987,43.56659417349573,17% below avg
1013740060,129837.0,18630800.6999,143.49377065012283,174% above avg
1013747501,304595.0,10292622.0003,33.791171884962004,36% below avg
1013750016,136733.0,9185818.6,67.1806996116519,28% above avg
1013750021,207888.0,10640531.20005,51.18396059440661,2% below avg
1013750049,247260.0,18667994.5369161,75.49945214315336,44% above avg
1013757502,465364.0,14753825.6,31.703839575042338,39% below avg
1013910014,118635.0,12336304.5878,103.98537183630464,98% above avg
1013940001,220510.0,9384093.900001109,42.55631898780604,19% below avg
1013940005,170511.0,7541105.10018,44.2265021035593,16% below avg
1013940013,383935.0,21971090.198466,57.22606742929402,9% above avg
1013950017,168619.0,14913486.4,88.4448751326956,69% above avg
1014220005,149484.0,12948995.99895,86.6246287157823,65% above avg
1014350044,81123.0,929513.67909,11.458078215672495,78% below avg
1014830001,407259.0,30130172.1977,73.98282713874954,41% above avg
1014840014,109185.0,3851111.40021,35.27143289105646,33% below avg
1015310040,294052.0,5572423.10012,18.95046828492919,64% below avg
1015570008,145838.0,4584133.300100001,31.433051057337597,40% below avg
1016080069,98099.0,7004236.80007,71.39967583838775,36% above avg
1016340003,78600.0,5138676.70008,65.37756615877862,25% above avg
1016340065,115000.0,5056779.09999,43.97199217382609,16% below avg
1017230010,228017.0,23267612.6,102.043323962687,95% above avg
1017550033,106596.0,2788013.89978,26.15495797009269,50% below avg
1017700036,133426.0,1911140.899994,14.323601846671565,73% below avg
1017740001,112500.0,5226509.09988,46.4578586656,11% below avg
1017740056,58948.0,2442517.59989,41.43512247896451,21% below avg
1017750033,123885.0,6456084.500229999,52.11352867764459,1% below avg
1018080008,179142.0,965600.084999,5.390137907352826,90% below avg
1018840001,59018.0,2679653.419278,45.40400249547596,13% below avg
1019090012,121000.0,4765604.899979999,39.385164462644624,25% below avg
1019097501,438307.0,1006289.99999,2.295856557139174,96% below avg
1019100001,285662.0,22605174.0002,79.13259026471844,51% above avg
1019107501,284579.0,19275643.0999,67.7338914673957,29% above avg
1019120012,256459.0,12024803.49909,46.88782027181733,11% below avg
1019300030,163440.0,6706717.20013,41.034735683614784,22% below avg
1019310021,170841.0,19063064.09988,111.58366024478904,113% above avg
1019510004,124576.0,6935152.1,55.670049608271256,6% above avg
1019660095,260965.0,2630602.40007,10.080288161515911,81% below avg
1019670040,124000.0,4464488.89988,36.003942740967744,31% below avg
1019670045,153404.0,2340765.400083,15.258828975013689,71% below avg
1019860065,212271.0,14909039.31518,70.23587449618648,34% above avg
1019980017,244800.0,20436213.2456,83.48126325816993,59% above avg
1021240043,100858.0,15752944.0201,156.1893357006881,198% above avg
1022150824,52000.0,991517.556102,19.067645309653845,64% below avg
1000370001,582412.0,46332719.3021,79.55316734905875,52% above avg
1000580001,3000000.0,117861386.3991,39.2871287997,25% below avg
1000840036,1636000.0,162523278.89025,99.34185751237774,90% above avg
1007060017,2221336.0,113011294.2025,50.875371489274926,3% below avg
