bbl,bin,address,latitude,longitude,cooling_towers,water_tanks,total_equipment,has_building_outline
1000090001,1000018.0,34 Whitehall St,40.7027645,-74.0132657,1.0,1.0,2.0,True
1000090014,1000020.0,17 STATE STREET,40.7028912,-74.0138782,0.0,2.0,2.0,True
1000090029,1000021.0,24 STATE STREET,40.7033469,-74.0137305,5.0,2.0,7.0,True
1000100014,1000023.0,33 WHITEHALL STREET,40.7033827,-74.0126809,4.0,1.0,5.0,True
1000100016,1000025.0,90 Broad St,40.7039097,-74.0119577,1.0,0.0,1.0,True
1000100023,1000027.0,1 WHITEHALL STREET,40.7038081,-74.0127567,1.0,1.0,2.0,True
1000110021,1000038.0,80 Broad St,40.704323,-74.011867,5.0,2.0,7.0,True
1000130005,1000044.0,11 BROADWAY,40.7052819,-74.0142719,2.0,1.0,3.0,True
1000130027,1000045.0,25 BROADWAY,40.7057595,-74.0140015,7.0,0.0,7.0,True
1000160225,1085502.0,1 North End Ave,40.7145675,-74.0169485,1.0,0.0,1.0,True
1000200001,1000802.0,29 Broadway,40.706137,-74.013816,2.0,0.0,2.0,True
1000200004,1000803.0,39 BROADWAY,40.7063442,-74.0134281,0.0,0.0,0.0,True
1000200009,1000804.0,45 BROADWAY,40.7065418,-74.0132658,1.0,1.0,2.0,True
1000200016,1000807.0,55 BROADWAY,40.7068548,-74.0130242,1.0,1.0,2.0,True
1000210001,1000808.0,61 BROADWAY,40.7071046,-74.0128367,1.0,0.0,1.0,True
1000210004,1000809.0,65 BROADWAY,40.7073269,-74.0126636,2.0,1.0,3.0,True
1000220013,1000811.0,26 BROADWAY,40.7054275,-74.0129013,2.0,0.0,2.0,True
1000220017,1078979.0,32 BROADWAY,40.7057953,-74.0127463,0.0,0.0,0.0,True
1000220020,1000812.0,42 BROADWAY,40.7059875,-74.0125949,1.0,1.0,2.0,True
1000220024,1000813.0,50 BROADWAY,40.7062318,-74.0124398,1.0,0.0,1.0,True
1000220028,1000814.0,52 BROADWAY,40.7064843,-74.012274,2.0,1.0,3.0,True
1000230019,1078982.0,11 Wall St,40.707139,-74.011093,1.0,0.0,1.0,True
1000240029,1000819.0,30 BROAD STREET,40.706273,-74.0116535,1.0,0.0,1.0,True
1000240036,1000820.0,50 Broad St,40.705661,-74.011903,2.0,1.0,3.0,True
1000250001,1000821.0,55 BROAD STREET,40.7052767,-74.0110474,1.0,1.0,2.0,True
1000250027,1000825.0,40 Exchange Pl,40.7057422,-74.0101333,0.0,1.0,1.0,True
1000290036,1078995.0,1 WILLIAM STREET,40.7047882,-74.0100303,0.0,0.0,0.0,True
1000290070,1000849.0,75 BROAD STREET,40.7046838,-74.0112385,1.0,0.0,1.0,True
1000290073,1000850.0,44 BEAVER STREET,40.7049035,-74.0107841,0.0,0.0,0.0,True
1000330001,1000863.0,77 WATER STREET,40.7042257,-74.008198,2.0,2.0,4.0,True
1000350001,1000867.0,77 Front St,40.7038611,-74.0077104,5.0,1.0,6.0,True
1000350010,1000868.0,111 Wall St,40.704268,-74.007223,1.0,0.0,1.0,True
1000380017,1000876.0,88 Pine St,40.7058278,-74.0061083,8.0,0.0,8.0,True
1000390012,1000880.0,110 MAIDEN LANE,40.7061471,-74.0068024,2.0,2.0,4.0,True
1000400014,1001005.0,48 WALL STREET,40.7064764,-74.0091216,2.0,0.0,2.0,True
1000430001,1001017.0,44 WALL STREET,40.7067837,-74.0093849,1.0,0.0,1.0,True
1000430002,1001018.0,40 Wall St,40.7069747,-74.0096749,1.0,0.0,1.0,True
1000430005,1001019.0,30 Wall St,40.7070388,-74.0101181,1.0,0.0,1.0,True
1000440001,1001021.0,28 Liberty St,40.7079795,-74.0089874,7.0,2.0,9.0,True
1000460001,1001023.0,2 WALL STREET,40.7077305,-74.0113256,1.0,1.0,2.0,True
1000460003,1001024.0,100 Broadway,40.708014,-74.011185,3.0,1.0,4.0,True
1000460009,1001025.0,14 WALL STREET,40.7076263,-74.0107629,3.0,0.0,3.0,True
1000480001,1001027.0,140 BROADWAY,40.7086501,-74.0101174,3.0,0.0,3.0,True
1000490002,1001029.0,111 BROADWAY,40.7087131,-74.0116395,10.0,1.0,11.0,True
1000500001,1001030.0,115 BROADWAY,40.7089355,-74.0114701,5.0,1.0,6.0,True
1000630003,1001069.0,22 Cortlandt St,40.7106954,-74.0104981,2.0,1.0,3.0,True
1000640012,1001087.0,150 BROADWAY,40.7091799,-74.0100742,0.0,0.0,0.0,True
1000640015,1079037.0,160 BROADWAY,40.7093007,-74.0097604,0.0,0.0,0.0,True
1000650007,1001097.0,15 MAIDEN LANE,40.7095889,-74.0090427,3.0,0.0,3.0,True
1000660001,1001108.0,19 LIBERTY STREET,40.7083922,-74.0086818,2.0,0.0,2.0,True
1000670001,1079043.0,59 MAIDEN LANE,40.7086585,-74.0079821,2.0,0.0,2.0,True
1000670023,1001109.0,56 Nassau St,40.709186,-74.008371,5.0,2.0,7.0,True
1000680007,1001111.0,83 Maiden Ln,40.707509,-74.007366,3.0,1.0,4.0,True
1000680036,1001116.0,100 William St,40.7083565,-74.0072594,12.0,2.0,14.0,True
1000750021,1075618.0,40 Fulton St,40.7079217,-74.0047698,1.0,1.0,2.0,True
1000770008,1001186.0,110 WILLIAM STREET,40.7087739,-74.006745,1.0,1.0,2.0,True
1000780004,1079063.0,123 William St,40.7093197,-74.0070766,1.0,1.0,2.0,True
1000800001,1001227.0,195 Broadway,40.7109225,-74.009805,7.0,0.0,7.0,True
1000860001,1001230.0,90 Church St,40.712756,-74.010734,9.0,0.0,9.0,True
1000880001,1001232.0,217 BROADWAY,40.7117463,-74.0088518,1.0,0.0,1.0,True
1000880010,1001237.0,30 VESEY STREET,40.7121525,-74.0098222,0.0,0.0,0.0,True
1000890001,1001242.0,99 Nassau St,40.7104898,-74.0077311,0.0,1.0,1.0,True
1000920024,1079095.0,116 NASSAU STREET,40.7106156,-74.0069147,0.0,0.0,0.0,True
1000930001,1001280.0,81 Fulton St,40.709586,-74.005717,3.0,0.0,3.0,True
1000940025,1001289.0,100 GOLD STREET,40.7101025,-74.0032427,4.0,0.0,4.0,True
1001190001,1089747.0,1 POLICE PLAZA,40.7122105,-74.0017963,0.0,0.0,0.0,True
1001210001,1089759.0,1 CENTRE STREET,40.7129735,-74.0036757,0.0,0.0,0.0,True
1001220001,1079146.0,52 CHAMBERS STREET,40.7128032,-74.0061574,0.0,0.0,0.0,True
1001240004,1001399.0,11 PARK PLACE,40.7131627,-74.0082279,0.0,0.0,0.0,True
1001280002,1001416.0,101 Barclay St,40.7147261,-74.0119411,1.0,0.0,1.0,True
1001440040,1001572.0,56 Hudson St,40.717643,-74.0082492,64.0,0.0,64.0,True
1001480010,1001621.0,71 THOMAS STREET,40.7171124,-74.0074601,1.0,1.0,2.0,True
1001500031,1001648.0,299 Broadway,40.715265,-74.005951,3.0,0.0,3.0,True
1001500038,1001649.0,291 Broadway,40.715009,-74.006157,0.0,1.0,1.0,True
1001510032,1001659.0,305 BROADWAY,40.7155316,-74.0056021,0.0,0.0,0.0,True
1001530001,1079215.0,280 BROADWAY,40.7142333,-74.0056525,2.0,0.0,2.0,True
1001530024,1001670.0,23 CHAMBERS STREET,40.7135938,-74.0042421,1.0,0.0,1.0,True
1001540023,1078613.0,14 READE STREET,40.7143925,-74.0047832,3.0,0.0,3.0,True
1001550001,1001672.0,2 LAFAYETTE STREET,40.714022,-74.003903,4.0,0.0,4.0,True
1001550003,1001673.0,52 DUANE STREET,40.7142416,-74.0040004,9.0,0.0,9.0,True
1001660027,1001830.0,80 Centre St,40.7151735,-74.0012564,9.0,0.0,9.0,True
1001680032,1001831.0,75 CENTRE STREET,40.7156689,-74.002352,3.0,0.0,3.0,True
1001920001,1002192.0,16 Walker St,40.7200084,-74.00462,7.0,2.0,9.0,True
1001940042,1002310.0,60 WALKER STREET,40.7189434,-74.0027994,0.0,0.0,0.0,True
1002090028,1002692.0,261 Canal St,40.7189463,-74.0009244,0.0,2.0,2.0,True
1002120018,1002735.0,52 Varick St,40.7215968,-74.006068,1.0,0.0,1.0,True
1002210030,1002854.0,200 HUDSON STREET,40.7229231,-74.0076555,3.0,2.0,5.0,True
1002250008,1002933.0,205 Hudson St,40.7236336,-74.008458,11.0,2.0,13.0,True
1002260001,1002934.0,431 Canal St,40.723457,-74.006827,2.0,0.0,2.0,True
1002310035,1003020.0,451 BROADWAY,40.7207275,-74.0013528,1.0,1.0,2.0,True
1002320001,1003025.0,434 BROADWAY,40.7199233,-74.0010678,1.0,1.0,2.0,True
1002330026,1003051.0,148 Lafayette St,40.7195533,-73.9999235,1.0,0.0,1.0,True
1004260029,1005719.0,195 Chrystie St,40.722181,-73.992297,0.0,1.0,1.0,True
1004730001,1079877.0,462 BROADWAY,40.7208071,-74.0000938,9.0,3.0,12.0,True
1004740030,1007048.0,483 BROADWAY,40.721798,-74.000451,7.0,0.0,7.0,True
1004760007,1007098.0,100 6 Ave,40.7233382,-74.0044125,1.0,3.0,4.0,True
1004770011,1007119.0,101 6 Ave,40.723425,-74.005435,1.0,1.0,2.0,True
1004820016,1007214.0,72 SPRING STREET,40.7224018,-73.9978895,3.0,3.0,6.0,True
1004840024,1007252.0,495 BROADWAY,40.7222481,-74.0000577,0.0,2.0,2.0,True
1004860011,1007286.0,84 WOOSTER STREET,40.7238263,-74.0010751,4.0,1.0,5.0,True
1004910046,1007385.0,155 6 Ave,40.7253648,-74.0049094,1.0,0.0,1.0,True
1004960040,1007556.0,75 SPRING STREET,40.7227778,-73.9976803,0.0,2.0,2.0,True
1004970001,1007560.0,530 BROADWAY,40.7230715,-73.9983477,2.0,1.0,3.0,True
1004970018,1007567.0,560 Broadway,40.723884,-73.9975982,2.0,2.0,4.0,True
1004980009,1088114.0,557 BROADWAY,40.7240926,-73.9985028,1.0,0.0,1.0,True
1004980011,1007576.0,549 BROADWAY,40.7239224,-73.9986471,1.0,2.0,3.0,True
1004990007,1007605.0,104 GREENE STREET,40.7243671,-73.9994083,1.0,0.0,1.0,True
1005000011,1079963.0,120 WOOSTER STREET,40.7250395,-74.0000758,10.0,1.0,11.0,True
1005050001,1007817.0,150 Varick St,40.7260171,-74.0053807,3.0,2.0,5.0,True
1005100038,1090340.0,298 LAFAYETTE STREET,40.7248336,-73.9958727,3.0,0.0,3.0,True
1005110001,1007942.0,568 BROADWAY,40.7242353,-73.9971968,4.0,1.0,5.0,True
1005110006,1007943.0,580 BROADWAY,40.7244329,-73.9970344,0.0,2.0,2.0,True
1005110008,1079998.0,584 BROADWAY,40.7245976,-73.9968937,15.0,3.0,18.0,True
1005110012,1007944.0,592 BROADWAY,40.7247979,-73.9967061,8.0,1.0,9.0,True
1005120015,1007950.0,591 BROADWAY,40.7251548,-73.9976044,0.0,0.0,0.0,True
1005120023,1080019.0,569 Broadway,40.724598,-73.998039,3.0,3.0,6.0,True
1005190070,1008117.0,180 Varick St,40.7274704,-74.0051061,3.0,0.0,3.0,True
1005220001,1008209.0,610 BROADWAY,40.7255527,-73.996136,1.0,0.0,1.0,True
1005220010,1008212.0,632 Broadway,40.7258902,-73.9954305,0.0,3.0,3.0,True
1005220012,1008213.0,636 Broadway,40.726107,-73.995634,1.0,2.0,3.0,True
1005230044,1008237.0,627 Broadway,40.726265,-73.996567,0.0,1.0,1.0,True
1005230046,1008238.0,625 BROADWAY,40.7261621,-73.9967565,0.0,2.0,2.0,True
1005230048,1008240.0,18 WEST HOUSTON STREET,40.7258904,-73.9969874,1.0,1.0,2.0,True
1005290072,1008454.0,65 Bleecker St,40.7263872,-73.9950438,4.0,1.0,5.0,True
1005300001,1008467.0,670 BROADWAY,40.7272242,-73.9948154,3.0,1.0,4.0,True
1005310020,1008512.0,383 LAFAYETTE STREET,40.7275041,-73.9928635,0.0,0.0,0.0,True
1005320015,1083504.0,661 BROADWAY,40.7273999,-73.9957102,1.0,1.0,2.0,True
1005440001,1080085.0,393 LAFAYETTE STREET,40.7279185,-73.992647,0.0,0.0,0.0,True
1005440008,1008771.0,409 LAFAYETTE STREET,40.7283028,-73.9921743,7.0,1.0,8.0,True
1005450026,1080092.0,740 Broadway,40.7298753,-73.9927326,2.0,0.0,2.0,True
1005480009,1008833.0,13 UNIVERSITY PLACE,40.731292,-73.9947357,0.0,0.0,0.0,True
1005540001,1008952.0,770 BROADWAY,40.7305974,-73.9915137,4.0,0.0,4.0,True
1005540035,1089443.0,51 Astor Pl,40.7301574,-73.9901772,2.0,0.0,2.0,True
1005630031,1009134.0,817 BROADWAY,40.7331966,-73.9915242,1.0,1.0,2.0,True
1005630046,1009141.0,57 EAST 11 STREET,40.7331473,-73.9923577,3.0,2.0,5.0,True
1005640007,1009197.0,113 UNIVERSITY PLACE,40.7342918,-73.9920978,1.0,1.0,2.0,True
1005640034,1009208.0,826 Broadway,40.7332018,-73.9908814,1.0,1.0,2.0,True
1005650015,1080133.0,849 BROADWAY,40.7344372,-73.9911524,0.0,0.0,0.0,True
1005770034,1009716.0,8 WEST 14 STREET,40.7359416,-73.994674,1.0,1.0,2.0,True
1005770039,1009717.0,80 5 Ave,40.735979,-73.994112,0.0,2.0,2.0,True
1005770071,1009722.0,55 West 13 St,40.736593,-73.996548,2.0,1.0,3.0,True
1005780047,1009723.0,250 HUDSON STREET,40.7248444,-74.0073383,2.0,2.0,4.0,True
1005800039,1009750.0,350 Hudson St,40.7276663,-74.0068558,0.0,1.0,1.0,True
1005800065,1009754.0,171 Varick St,40.7273917,-74.0059541,8.0,2.0,10.0,True
1005810063,1009758.0,225 VARICK STREET,40.7290028,-74.0056574,3.0,2.0,5.0,True
1005970012,1010362.0,78 VANDAM STREET,40.7262744,-74.0079878,5.0,1.0,6.0,True
1005970055,1010374.0,333 HUDSON STREET,40.7271335,-74.0076885,0.0,2.0,2.0,True
1005980058,1010378.0,341 Hudson St,40.7277612,-74.0078946,8.0,0.0,8.0,True
1005990064,1010379.0,375 HUDSON STREET,40.7284812,-74.0079232,1.0,1.0,2.0,True
1006010047,1010393.0,120 LEROY STREET,40.7300676,-74.0079739,2.0,1.0,3.0,True
1006020036,1010398.0,611 Washington St,40.7309452,-74.0086057,0.0,1.0,1.0,True
1006020068,1010402.0,435 HUDSON STREET,40.7306249,-74.0071765,4.0,0.0,4.0,True
1006030028,1010404.0,617 WASHINGTON STREET,40.7314866,-74.0085585,8.0,2.0,10.0,True
1006090007,1010633.0,154 WEST 14 STREET,40.7381622,-73.9995598,4.0,2.0,6.0,True
1006270043,1011689.0,320 West 13 St,40.7392634,-74.0040922,2.0,1.0,3.0,True
1006460001,1090681.0,40 10 AVENUE,40.7415874,-74.0081485,0.0,0.0,0.0,True
1006460019,1089295.0,860 WASHINGTON STREET,40.7412827,-74.0076865,1.0,0.0,1.0,True
1006460027,1012229.0,428 WEST 14 STREET,40.7411812,-74.0070586,10.0,1.0,11.0,True
1006720001,1012268.0,601 WEST 26 STREET,40.7515838,-74.0065544,8.0,4.0,12.0,True
1006870029,1012277.0,85 10 Ave,40.7433035,-74.0078987,5.0,0.0,5.0,True
1006900012,1012280.0,555 West 18 St,40.7456579,-74.0077345,4.0,0.0,4.0,True
1006910043,1012290.0,516 West 20 St,40.746117,-74.0068222,1.0,2.0,3.0,True
1006920015,1012294.0,529 West 20 St,40.746601,-74.007002,0.0,1.0,1.0,True
1006920023,1012296.0,513 WEST 20 STREET,40.7463633,-74.0062724,1.0,1.0,2.0,True
1006970023,1012382.0,511 West 25 St,40.749468,-74.0038956,0.0,1.0,1.0,True
1006970056,1089424.0,536 WEST 26 STREET,40.7502692,-74.0049734,1.0,0.0,1.0,True
1007050001,1089412.0,380 11 Ave,40.7552692,-74.0018946,1.0,2.0,3.0,True
1007050039,1090274.0,427 10 Ave,40.754635,-74.000331,1.0,2.0,3.0,True
1007080031,1012493.0,469 10 Ave,40.7562184,-73.9984423,3.0,0.0,3.0,True
1007080037,1012494.0,481 10 Ave,40.7564437,-73.9982577,1.0,2.0,3.0,True
1007120001,1080355.0,444 West 15 St,40.7422617,-74.0072144,2.0,1.0,3.0,True
1007120029,1012535.0,47 9 AVENUE,40.741335,-74.0055502,6.0,0.0,6.0,True
1007120042,1090216.0,412 West 15 St,40.7419263,-74.0059895,5.0,0.0,5.0,True
1007120046,1012539.0,422 West 15 St,40.7420153,-74.0063948,1.0,0.0,1.0,True
1007130001,1012541.0,75 9 AVENUE,40.7425509,-74.0060555,22.0,0.0,22.0,True
1007280060,1012836.0,442 WEST 31 STREET,40.752144,-73.9998592,0.0,2.0,2.0,True
1007310001,1012843.0,460 WEST 34 STREET,40.7540516,-73.9989785,2.0,3.0,5.0,True
1007390001,1013043.0,111 8 AVENUE,40.7413598,-74.0032081,46.0,1.0,47.0,True
1007540078,1013540.0,362 9 AVENUE,40.7510872,-73.9973256,0.0,0.0,0.0,True
1007570031,1013547.0,461 8 Ave,40.7520066,-73.9940245,3.0,0.0,3.0,True
1007580082,1013562.0,440 9 AVENUE,40.7536727,-73.9954919,5.0,0.0,5.0,True
1007590031,1013574.0,315 WEST 35 STREET,40.7533405,-73.9935573,4.0,2.0,6.0,True
1007590045,1013576.0,519 8 AVENUE,40.7534118,-73.9930231,0.0,0.0,0.0,True
1007600012,1013590.0,347 WEST 36 STREET,40.7544878,-73.9943405,0.0,3.0,3.0,True
1007600032,1013596.0,307 WEST 36 STREET,40.7540376,-73.9929076,0.0,0.0,0.0,True
1007600043,1013599.0,531 8 Ave,40.7539556,-73.9925143,1.0,0.0,1.0,True
1007600063,1013604.0,336 West 37 St,40.754692,-73.99403,0.0,2.0,2.0,True
1007610033,1013622.0,545 8 AVENUE,40.7544987,-73.992182,0.0,0.0,0.0,True
1007610037,1013623.0,555 8 Ave,40.7546488,-73.9920448,0.0,3.0,3.0,True
1007610053,1013627.0,330 West 38 St,40.755254,-73.993455,0.0,3.0,3.0,True
1007620019,1013642.0,325 West 38 St,40.75541,-73.9927262,0.0,3.0,3.0,True
1007620033,1013644.0,575 8 AVENUE,40.7550311,-73.9918066,3.0,1.0,4.0,True
1007620042,1013646.0,589 8 Ave,40.755333,-73.991547,0.0,3.0,3.0,True
1007620050,1013650.0,318 WEST 39 STREET,40.7556241,-73.9924634,4.0,0.0,4.0,True
1007630018,1013681.0,333 West 39 St,40.7561107,-73.992625,0.0,2.0,2.0,True
1007630024,1013683.0,315 WEST 39 STREET,40.7559506,-73.9920664,0.0,3.0,3.0,True
1007630049,1013691.0,314 WEST 40 STREET,40.7562581,-73.9920519,1.0,0.0,1.0,True
1007660061,1013820.0,230 WEST 17 STREET,40.7408932,-73.9998376,2.0,2.0,4.0,True
1007670012,1013848.0,249 West 17 St,40.7415665,-73.9998781,2.0,3.0,5.0,True
1007670015,1013849.0,245 West 17 St,40.7414384,-73.9996648,1.0,2.0,3.0,True
1007670054,1082391.0,218 West 18 St,40.7413625,-73.9990063,1.0,1.0,2.0,True
1007680050,1013884.0,220 West 19 St,40.741872,-73.998612,3.0,1.0,4.0,True
1007750058,1080536.0,226 WEST 26 STREET,40.7463552,-73.9956873,0.0,0.0,0.0,True
1007760001,1014225.0,322 8 Ave,40.747198,-73.996678,0.0,2.0,2.0,True
1007780020,1014255.0,239 WEST 28 STREET,40.7480542,-73.9947597,4.0,1.0,5.0,True
1007780048,1014267.0,214 West 29 St,40.7480919,-73.9939849,4.0,0.0,4.0,True
1007790017,1014283.0,231 WEST 29 STREET,40.7486552,-73.9942363,0.0,2.0,2.0,True
1007790039,1014290.0,350 7 Ave,40.748268,-73.993119,0.0,3.0,3.0,True
1007790041,1014291.0,352 7 AVENUE,40.7485783,-73.9929695,0.0,2.0,2.0,True
1007790049,1014295.0,208 West 30 St,40.7486088,-73.9931813,0.0,2.0,2.0,True
1007790057,1014300.0,224 WEST 30 STREET,40.7488419,-73.9939115,0.0,2.0,2.0,True
1007790066,1014303.0,242 WEST 30 STREET,40.7490999,-73.994525,0.0,0.0,0.0,True
1007790075,1014306.0,400 8 AVENUE,40.7493744,-73.9951169,1.0,1.0,2.0,True
1007800007,1014336.0,259 West 30 St,40.7495458,-73.9945946,0.0,3.0,3.0,True
1007800010,1014338.0,251 WEST 30 STREET,40.7494704,-73.9942651,0.0,0.0,0.0,True
1007800013,1014339.0,247 WEST 30 STREET,40.7493881,-73.9940666,0.0,2.0,2.0,True
1007800071,1014347.0,254 WEST 31 STREET,40.7498629,-73.9944383,0.0,2.0,2.0,True
1007830070,1088970.0,250 WEST 34 STREET,40.7512626,-73.9923737,0.0,0.0,0.0,True
1007840019,1014402.0,225 West 34 St,40.7517724,-73.99181,3.0,1.0,4.0,True
1007840041,1014408.0,450 7 AVENUE,40.7514629,-73.9907531,0.0,0.0,0.0,True
1007840051,1014412.0,212 WEST 35 STREET,40.7517072,-73.9908253,0.0,2.0,2.0,True
1007840064,1014415.0,240 WEST 35 STREET,40.7521409,-73.9918539,0.0,2.0,2.0,True
1007840068,1014416.0,248 West 35 St,40.7523115,-73.9921407,0.0,2.0,2.0,True
1007840077,1014419.0,494 8 AVENUE,40.7525966,-73.9927634,0.0,0.0,0.0,True
1007850001,1014421.0,500 8 Ave,40.7530292,-73.9924074,2.0,1.0,3.0,True
1007850007,1014422.0,261 West 35 St,40.7528052,-73.992255,0.0,2.0,2.0,True
1007850011,1014423.0,253 West 35 St,40.7526929,-73.9920058,1.0,2.0,3.0,True
1007850015,1014424.0,247 West 35 St,40.752641,-73.991749,0.0,2.0,2.0,True
1007850018,1014425.0,237 WEST 35 STREET,40.7524593,-73.991464,0.0,2.0,2.0,True
1007850025,1014427.0,225 West 35 St,40.752305,-73.991026,0.0,2.0,2.0,True
1007850029,1014428.0,213 West 35 St,40.752305,-73.991026,0.0,2.0,2.0,True
1007850037,1014429.0,462 7 AVENUE,40.7519624,-73.9903344,0.0,3.0,3.0,True
1007850041,1014430.0,470 7 AVENUE,40.7523604,-73.9901394,0.0,2.0,2.0,True
1007850067,1014434.0,242 WEST 36 STREET,40.7528216,-73.9915723,0.0,2.0,2.0,True
1007860013,1014438.0,255 WEST 36 STREET,40.7532662,-73.9914675,0.0,2.0,2.0,True
1007860051,1014446.0,498 7 AVENUE,40.7528489,-73.9900275,0.0,0.0,0.0,True
1007860064,1014449.0,226 West 37 St,40.7533032,-73.9905571,0.0,2.0,2.0,True
1007860068,1014451.0,240 WEST 37 STREET,40.7534117,-73.9910488,0.0,2.0,2.0,True
1007860076,1014452.0,252 West 37 St,40.7535986,-73.9914121,0.0,2.0,2.0,True
1007870001,1014453.0,540 8 Ave,40.7542503,-73.9916565,0.0,1.0,1.0,True
1007870011,1014454.0,247 West 37 St,40.753977,-73.991433,0.0,2.0,2.0,True
1007870025,1014457.0,225 West 37 St,40.7537269,-73.9904356,0.0,2.0,2.0,True
1007870059,1014462.0,230 West 38 St,40.7538021,-73.9900205,0.0,2.0,2.0,True
1007870067,1014465.0,246 West 38 St,40.7539788,-73.9904576,0.0,2.0,2.0,True
1007870072,1014467.0,256 WEST 38 STREET,40.7541445,-73.9908538,0.0,2.0,2.0,True
1007870076,1014468.0,262 West 38 St,40.7542224,-73.991104,0.0,2.0,2.0,True
1007880004,1014471.0,580 8 AVENUE,40.7548362,-73.9912075,0.0,3.0,3.0,True
1007880011,1014474.0,263 West 38 St,40.7546462,-73.9908706,0.0,2.0,2.0,True
1007880037,1014480.0,209 West 38 St,40.7540353,-73.9892746,0.0,2.0,2.0,True
1007880066,1014487.0,234 West 39 St,40.7545152,-73.9899007,0.0,2.0,2.0,True
1007880073,1014489.0,250 WEST 39 STREET,40.7547236,-73.9903232,0.0,0.0,0.0,True
1007880078,1014490.0,260 West 39 St,40.7548967,-73.9906202,0.0,3.0,3.0,True
1007890014,1014498.0,251 WEST 39 STREET,40.7551024,-73.9900524,1.0,3.0,4.0,True
1007890021,1014499.0,231 WEST 39 STREET,40.7549239,-73.9896337,4.0,3.0,7.0,True
1007890030,1080571.0,205 WEST 39 STREET,40.7547098,-73.9888216,2.0,0.0,2.0,True
1007890036,1014501.0,550 7 AVENUE,40.75446,-73.9885149,3.0,0.0,3.0,True
1007890075,1014511.0,264 WEST 40 STREET,40.7555553,-73.9903736,4.0,3.0,7.0,True
1007940025,1014717.0,125 West 18 St,40.7403438,-73.995646,3.0,3.0,6.0,True
1007950028,1014730.0,111 WEST 19 STREET,40.741077,-73.9951969,2.0,2.0,4.0,True
1007970037,1014774.0,675 6 Ave,40.742119,-73.993974,3.0,3.0,6.0,True
1007970054,1014775.0,118 West 22 St,40.742483,-73.994431,0.0,2.0,2.0,True
1007990012,1014948.0,155 WEST 23 STREET,40.743959,-73.994594,0.0,2.0,2.0,True
1008000025,1014981.0,119 WEST 24 STREET,40.7441922,-73.9932009,2.0,1.0,3.0,True
1008000061,1014991.0,138 West 25 St,40.744773,-73.993626,3.0,2.0,5.0,True
1008000065,1014992.0,150 WEST 25 STREET,40.7447879,-73.9938793,0.0,2.0,2.0,True
1008000068,1014993.0,152 WEST 25 STREET,40.744862,-73.9940562,0.0,2.0,2.0,True
1008010001,1015000.0,275 7 AVENUE,40.7455454,-73.9941608,3.0,0.0,3.0,True
1008010008,1015001.0,159 West 25 St,40.745377,-73.993959,0.0,2.0,2.0,True
1008010024,1015007.0,119 WEST 25 STREET,40.7448043,-73.9927606,4.0,0.0,4.0,True
1008010051,1015020.0,114 West 26 St,40.744999,-73.992372,1.0,2.0,3.0,True
1008010055,1015021.0,122 WEST 26 STREET,40.7450678,-73.9926343,0.0,2.0,2.0,True
1008010061,1015025.0,134 West 26 St,40.745344,-73.993068,0.0,2.0,2.0,True
1008020008,1015034.0,151 WEST 26 STREET,40.7458336,-73.9932766,0.0,2.0,2.0,True
1008020022,1015037.0,127 West 26 St,40.745571,-73.99251,0.0,2.0,2.0,True
1008020056,1015051.0,122 WEST 27 STREET,40.7457402,-73.992313,2.0,2.0,4.0,True
1008020075,1015055.0,158 WEST 27 STREET,40.7461794,-73.9933379,2.0,2.0,4.0,True
1008030004,1015061.0,307 7 Ave,40.7467984,-73.9931484,0.0,3.0,3.0,True
1008030007,1015062.0,153 West 27 St,40.746517,-73.993028,0.0,2.0,2.0,True
1008030018,1015066.0,129 West 27 St,40.746149,-73.992201,0.0,2.0,2.0,True
1008030021,1015067.0,121 WEST 27 STREET,40.746075,-73.9919376,0.0,2.0,2.0,True
1008030067,1015095.0,150 WEST 28 STREET,40.7467613,-73.9928181,0.0,3.0,3.0,True
1008040001,1015097.0,319 7 AVENUE,40.747409,-73.9928289,0.0,1.0,1.0,True
1008040011,1015100.0,145 WEST 28 STREET,40.7470906,-73.9924428,0.0,2.0,2.0,True
1008040044,1015125.0,104 WEST 29 STREET,40.74672,-73.9907971,2.0,2.0,4.0,True
1008050003,1015137.0,345 7 AVENUE,40.7480513,-73.9924138,1.0,3.0,4.0,True
1008050019,1015142.0,135 WEST 29 STREET,40.7474748,-73.9914286,0.0,2.0,2.0,True
1008050039,1015145.0,115 West 29 St,40.7471947,-73.99087,0.0,2.0,2.0,True
1008050094,1015152.0,144 West 30 St,40.7480432,-73.992007,0.0,3.0,3.0,True
1008060006,1015157.0,151 West 30 St,40.7484332,-73.9917776,9.0,2.0,11.0,True
1008060026,1015161.0,115 West 30 St,40.747864,-73.990536,0.0,1.0,1.0,True
1008060058,1015171.0,128 WEST 31 STREET,40.7481884,-73.9907716,4.0,0.0,4.0,True
1008070001,1015175.0,393 7 AVENUE,40.7491464,-73.9911721,3.0,0.0,3.0,True
1008070028,1015181.0,119 WEST 31 STREET,40.7485891,-73.9898549,0.0,2.0,2.0,True
1008080040,1015190.0,100 WEST 33 STREET,40.7491489,-73.9892629,9.0,0.0,9.0,True
1008090053,1015201.0,112 West 34 St,40.7497807,-73.9890525,3.0,0.0,3.0,True
1008110001,1015222.0,463 7 Ave,40.7517062,-73.9896393,2.0,0.0,2.0,True
1008110010,1015224.0,147 West 35 St,40.7514145,-73.989108,0.0,3.0,3.0,True
1008110016,1015225.0,131 West 35 St,40.7512693,-73.9886495,0.0,1.0,1.0,True
1008110031,1080606.0,1350 BROADWAY,40.7509466,-73.9873714,1.0,0.0,1.0,True
1008110051,1015229.0,132 WEST 36 STREET,40.75146,-73.9886886,0.0,2.0,2.0,True
1008110056,1015231.0,142 WEST 36 STREET,40.7516796,-73.9888366,0.0,2.0,2.0,True
1008110062,1015233.0,152 WEST 36 STREET,40.7518004,-73.9891289,0.0,1.0,1.0,True
1008120016,1015238.0,141 WEST 36 STREET,40.7520144,-73.9885045,0.0,2.0,2.0,True
1008120019,1015239.0,135 WEST 36 STREET,40.7519073,-73.9883349,0.0,0.0,0.0,True
1008120029,1015241.0,1352 Broadway,40.7514513,-73.9872911,3.0,0.0,3.0,True
1008120049,1015244.0,1372 Broadway,40.751771,-73.98713,6.0,1.0,7.0,True
1008120069,1015249.0,148 WEST 37 STREET,40.7524893,-73.9888762,0.0,2.0,2.0,True
1008130001,1015253.0,501 7 Ave,40.752843,-73.988603,4.0,0.0,4.0,True
1008130023,1080609.0,1372 Broadway,40.7522171,-73.9872428,6.0,0.0,6.0,True
1008130055,1015262.0,1385 BROADWAY,40.7528624,-73.9878366,0.0,1.0,1.0,True
1008140015,1015265.0,1407 Broadway,40.7533822,-73.9876895,2.0,2.0,4.0,True
1008140019,1015266.0,1400 Broadway,40.7529608,-73.9868234,3.0,0.0,3.0,True
1008140046,1015273.0,108 WEST 39 STREET,40.752994,-73.9862196,0.0,3.0,3.0,True
1008150014,1080612.0,1412 BROADWAY,40.7536446,-73.9865949,0.0,0.0,0.0,True
1008150026,1088833.0,1045 6 Ave,40.7532563,-73.9856363,1.0,2.0,3.0,True
1008160037,1015291.0,84 5 AVENUE,40.736367,-73.9937574,3.0,3.0,6.0,True
1008180041,1015393.0,110 5 Ave,40.7376744,-73.9929305,4.0,1.0,5.0,True
1008180051,1015394.0,114 5 Ave,40.7378668,-73.9926724,0.0,2.0,2.0,True
1008180066,1015400.0,26 West 17 St,40.738369,-73.993941,2.0,2.0,4.0,True
1008190037,1015419.0,118 5 AVENUE,40.7381757,-73.9924618,3.0,0.0,3.0,True
1008190039,1084649.0,122 5TH AVENUE,40.738409,-73.9925484,0.0,0.0,0.0,True
1008190044,1015421.0,126 5 Ave,40.738469,-73.9921851,2.0,2.0,4.0,True
1008200026,1015446.0,23 WEST 18 STREET,40.7393614,-73.9929019,7.0,3.0,10.0,True
1008200038,1015451.0,130 5 AVENUE,40.7388179,-73.9920467,2.0,1.0,3.0,True
1008210014,1015465.0,39 WEST 19 STREET,40.7401602,-73.9933746,1.0,2.0,3.0,True
1008210032,1015472.0,11 WEST 19 STREET,40.7398198,-73.9922379,9.0,3.0,12.0,True
1008210038,1015475.0,142 5 AVENUE,40.7394437,-73.991758,0.0,3.0,3.0,True
1008210041,1015478.0,148 5 AVENUE,40.7396743,-73.9915234,4.0,1.0,5.0,True
1008210055,1015480.0,18 WEST 20 STREET,40.7400147,-73.9924869,0.0,1.0,1.0,True
1008220009,1015489.0,37 West 20 St,40.7408046,-73.993106,0.0,2.0,2.0,True
1008220015,1015491.0,27 WEST 20 STREET,40.740646,-73.9926961,0.0,2.0,2.0,True
1008220031,1015499.0,154 5 AVENUE,40.7400448,-73.9912744,0.0,1.0,1.0,True
1008220049,1015502.0,12 WEST 21 STREET,40.7405087,-73.9916604,1.0,2.0,3.0,True
1008220052,1015504.0,18 WEST 21 STREET,40.7406075,-73.9918986,0.0,1.0,1.0,True
1008220054,1015505.0,22 West 21 St,40.7407218,-73.9921214,0.0,2.0,2.0,True
1008220058,1015506.0,30 WEST 21 STREET,40.7408051,-73.9923713,2.0,1.0,3.0,True
1008220062,1015508.0,38 WEST 21 STREET,40.7409287,-73.99266,0.0,1.0,1.0,True
1008220070,1015512.0,54 WEST 21 STREET,40.741162,-73.9932373,0.0,2.0,2.0,True
1008230024,1015530.0,19 WEST 21 STREET,40.7410302,-73.991765,0.0,1.0,1.0,True
1008230029,1015531.0,15 WEST 21 STREET,40.7410411,-73.9914294,0.0,2.0,2.0,True
1008230055,1015540.0,20 West 22 St,40.741282,-73.991548,3.0,2.0,5.0,True
1008230073,1015552.0,56 WEST 22 STREET,40.7418207,-73.992898,0.0,2.0,2.0,True
1008240015,1080667.0,37 WEST 22 STREET,40.7420348,-73.9919525,1.0,0.0,1.0,True
1008240028,1080673.0,40 WEST 23 STREET,40.7417493,-73.9912561,0.0,0.0,0.0,True
1008250012,1080677.0,49 WEST 23 STREET,40.7427621,-73.9913714,0.0,2.0,2.0,True
1008250017,1015579.0,43 West 23 St,40.742658,-73.991036,0.0,1.0,1.0,True
1008250031,1015583.0,1097 Broadway,40.7420471,-73.9896511,3.0,0.0,3.0,True
1008260026,1015598.0,19 WEST 24 STREET,40.7430255,-73.9904476,0.0,2.0,2.0,True
1008260046,1015604.0,1115 BROADWAY,40.7430117,-73.9897908,5.0,2.0,7.0,True
1008260057,1080686.0,24 WEST 25 STREET,40.7433302,-73.9904295,1.0,2.0,3.0,True
1008260069,1015610.0,48 WEST 25 STREET,40.743731,-73.9913857,1.0,2.0,3.0,True
1008270008,1015611.0,45 West 25 St,40.744114,-73.991,0.0,2.0,2.0,True
1008280009,1015634.0,37 WEST 26 STREET,40.7446202,-73.9904148,0.0,2.0,2.0,True
1008280033,1015649.0,1140 BROADWAY,40.7439256,-73.9887008,0.0,0.0,0.0,True
1008280035,1015650.0,218 5 AVENUE,40.743728,-73.9884554,0.0,0.0,0.0,True
1008290007,1015676.0,49 West 27 St,40.7453459,-73.9902393,2.0,2.0,4.0,True
1008290011,1015677.0,45 WEST 27 STREET,40.7452432,-73.9899636,0.0,2.0,2.0,True
1008290016,1015680.0,31 WEST 27 STREET,40.7450428,-73.9894909,1.0,1.0,2.0,True
1008290032,1015685.0,13 WEST 27 STREET,40.7445184,-73.9882459,1.0,2.0,3.0,True
1008290036,1015687.0,236 5 AVENUE,40.7444169,-73.987932,2.0,2.0,4.0,True
1008290068,1015707.0,44 WEST 28 STREET,40.7455863,-73.9900249,0.0,2.0,2.0,True
1008300062,1015740.0,1195 BROADWAY,40.7459293,-73.9889422,0.0,2.0,2.0,True
1008320001,1082272.0,856 AVENUE OF THE AMER,40.7472111,-73.9889167,0.0,0.0,0.0,True
1008330006,1015803.0,1255 BROADWAY,40.7478808,-73.9886243,1.0,2.0,3.0,True
1008330011,1015805.0,1240 BROADWAY,40.7477737,-73.9878736,2.0,3.0,5.0,True
1008330018,1015806.0,39 West 31 St,40.7476103,-73.9875222,0.0,3.0,3.0,True
1008330038,1015816.0,302 5 AVENUE,40.7468458,-73.9862498,1.0,2.0,3.0,True
1008330057,1015828.0,22 WEST 32 STREET,40.7475156,-73.9869389,0.0,2.0,2.0,True
1008340019,1015844.0,39 WEST 32 STREET,40.7481551,-73.9873142,0.0,2.0,2.0,True
1008340022,1015846.0,29 West 32 St,40.748179,-73.9869829,1.0,2.0,3.0,True
1008340048,1015853.0,330 5 Ave,40.7477091,-73.9854858,3.0,0.0,3.0,True
1008340049,1083631.0,4 WEST 33 STREET,40.7478476,-73.9860114,5.0,2.0,7.0,True
1008340080,1015858.0,1270 Broadway,40.748747,-73.987885,0.0,1.0,1.0,True
1008360010,1083638.0,31 West 34 St,40.7496646,-73.986428,14.0,0.0,14.0,True
1008360020,1015873.0,17 West 34 St,40.7493721,-73.9857391,3.0,2.0,5.0,True
1008360026,1082920.0,7 WEST 34 STREET,40.7491979,-73.9852026,4.0,1.0,5.0,True
1008360033,1015876.0,1 WEST 34 STREET,40.7489179,-73.9849356,0.0,0.0,0.0,True
1008360043,1015878.0,366 5 AVENUE,40.749099,-73.9845783,2.0,1.0,3.0,True
1008370036,1015897.0,3 WEST 35 STREET,40.7495766,-73.9846143,0.0,2.0,2.0,True
1008370048,1015900.0,386 5 Ave,40.7497281,-73.9841339,2.0,0.0,2.0,True
1008370056,1015902.0,16 WEST 36 STREET,40.7499746,-73.984791,0.0,2.0,2.0,True
1008370058,1015903.0,20 WEST 36 STREET,40.7500487,-73.9849715,0.0,2.0,2.0,True
1008380012,1015922.0,53 WEST 36 STREET,40.7509025,-73.9858483,0.0,2.0,2.0,True
1008380015,1015923.0,43 WEST 36 STREET,40.7507954,-73.9855957,0.0,2.0,2.0,True
1008380048,1015938.0,402 5 AVENUE,40.7503532,-73.9836865,2.0,0.0,2.0,True
1008380072,1015951.0,40 WEST 37 STREET,40.7509765,-73.9852636,0.0,2.0,2.0,True
1008380076,1015952.0,48 WEST 37 STREET,40.7511248,-73.9856209,1.0,3.0,4.0,True
1008390009,1015958.0,49 WEST 37 STREET,40.7515886,-73.985563,0.0,2.0,2.0,True
1008390016,1015961.0,39 West 37 St,40.751426,-73.9852276,0.0,2.0,2.0,True
1008390019,1015962.0,35 WEST 37 STREET,40.7513525,-73.985,0.0,2.0,2.0,True
1008390029,1015967.0,13 West 37 St,40.751022,-73.9842518,1.0,0.0,1.0,True
1008390034,1080734.0,5 West 37 St,40.7508837,-73.9839154,0.0,2.0,2.0,True
1008390060,1015973.0,22 WEST 38 STREET,40.7512618,-73.9840292,0.0,2.0,2.0,True
1008390070,1015981.0,42 WEST 38 STREET,40.751583,-73.984787,0.0,2.0,2.0,True
1008390073,1015982.0,48 West 38 St,40.7516821,-73.9850634,0.0,2.0,2.0,True
1008400028,1016000.0,21 WEST 38 STREET,40.7517174,-73.9839533,0.0,0.0,0.0,True
1008400031,1016002.0,15 WEST 38 STREET,40.7516186,-73.9837223,6.0,1.0,7.0,True
1008400058,1016006.0,16 WEST 39 STREET,40.7518326,-73.9834588,0.0,2.0,2.0,True
1008400071,1016014.0,42 WEST 39 STREET,40.7522664,-73.9844873,0.0,0.0,0.0,True
1008410008,1016035.0,51 WEST 39 STREET,40.7528648,-73.9847543,2.0,3.0,5.0,True
1008410018,1016040.0,35 WEST 39 STREET,40.7526067,-73.9841371,0.0,1.0,1.0,True
1008410020,1016041.0,25 West 39 St,40.7524742,-73.9838686,3.0,1.0,4.0,True
1008410049,1016047.0,452 5 AVENUE,40.7520493,-73.982477,0.0,0.0,0.0,True
1008410081,1016058.0,60 West 40 St,40.7530798,-73.9844144,0.0,2.0,2.0,True
1008420042,1016068.0,71 5 AVENUE,40.7363642,-73.9928445,0.0,1.0,1.0,True
1008430045,1016079.0,79 5 AVENUE,40.736968,-73.992397,1.0,1.0,2.0,True
1008440001,1016080.0,85 5 AVENUE,40.7373001,-73.9921588,0.0,1.0,1.0,True
1008440003,1016081.0,87 5 AVENUE,40.7374483,-73.9921479,0.0,2.0,2.0,True
1008440042,1016095.0,91 5 AVENUE,40.7375746,-73.9920289,0.0,1.0,1.0,True
1008460026,1016128.0,860 BROADWAY,40.737234,-73.9898061,3.0,2.0,5.0,True
1008460033,1016131.0,200 Park Ave South,40.7369293,-73.9891593,0.0,1.0,1.0,True
1008470001,1016145.0,109 5 Ave,40.7385828,-73.9912993,2.0,0.0,2.0,True
1008470027,1080755.0,33 East 18 St,40.737997,-73.989348,1.0,2.0,3.0,True
1008470040,1016152.0,230 PARK AVENUE SOUTH,40.7377005,-73.9887632,7.0,2.0,9.0,True
1008470062,1080756.0,881 Broadway,40.7386939,-73.9909945,4.0,2.0,6.0,True
1008480043,1016176.0,242 PARK AVENUE SOUTH,40.7382494,-73.9881749,0.0,0.0,0.0,True
1008480061,1016184.0,894 Broadway,40.7388231,-73.9894967,0.0,2.0,2.0,True
1008490016,1016201.0,902 BROADWAY,40.7393227,-73.9893583,1.0,0.0,1.0,True
1008490031,1016211.0,45 EAST 20 STREET,40.7387929,-73.9883119,0.0,2.0,2.0,True
1008490063,1016224.0,912 BROADWAY,40.739578,-73.9894232,1.0,2.0,3.0,True
1008490070,1016226.0,915 Broadway,40.7398563,-73.9899367,0.0,1.0,1.0,True
1008500001,1016239.0,149 5 AVENUE,40.7402066,-73.9899897,0.0,0.0,0.0,True
1008500012,1016242.0,928 Broadway,40.7400916,-73.98929,1.0,3.0,4.0,True
1008510035,1016286.0,286 Park Ave South,40.739839,-73.9869963,3.0,0.0,3.0,True
1008510041,1016287.0,304 PARK AVENUE SOUTH,40.7401459,-73.9869656,1.0,0.0,1.0,True
1008550016,1016745.0,53 East 25 St,40.7418813,-73.9858188,1.0,2.0,3.0,True
1008550024,1016748.0,354 Park Ave South,40.7421095,-73.9855613,3.0,1.0,4.0,True
1008550037,1016749.0,35 MADISON AVENUE,40.7423828,-73.9862687,0.0,1.0,1.0,True
1008560009,1016876.0,11 EAST 26 STREET,40.7434397,-73.9872284,2.0,1.0,3.0,True
1008560024,1016880.0,380 Park Ave South,40.7428081,-73.9856666,7.0,0.0,7.0,True
1008560058,1016881.0,60 MADISON AVENUE,40.7432227,-73.9866294,2.0,0.0,2.0,True
1008570024,,63 MADISON AVENUE,40.7434669,-73.9853699,0.0,0.0,0.0,False
1008570076,1016896.0,243 5 Ave,40.7444451,-73.9870756,1.0,0.0,1.0,True
1008580006,1016898.0,3 EAST 28 STREET,40.7446033,-73.9865353,3.0,2.0,5.0,True
1008580022,1016900.0,79 MADISON AVENUE,40.744046,-73.9852146,6.0,0.0,6.0,True
1008590015,1016928.0,102 MADISON AVENUE,40.7449189,-73.9853732,0.0,2.0,2.0,True
1008590024,1016929.0,99 MADISON AVENUE,40.7446663,-73.9848644,0.0,2.0,2.0,True
1008590039,1016934.0,424 Park Ave South,40.744163,-73.9837155,0.0,1.0,1.0,True
1008590048,1016935.0,434 PARK AVENUE SOUTH,40.7445179,-73.9836266,1.0,0.0,1.0,True
1008590052,1016936.0,44 EAST 30 STREET,40.744625,-73.9839008,3.0,2.0,5.0,True
1008590064,1016939.0,105 MADISON AVENUE,40.744916,-73.9846839,0.0,0.0,0.0,True
1008590072,1016941.0,112 MADISON AVENUE,40.745196,-73.985171,0.0,2.0,2.0,True
1008600001,1016951.0,285 5 AVENUE,40.7460525,-73.9857266,2.0,0.0,2.0,True
1008600045,1016967.0,450 PARK AVENUE SOUTH,40.7451107,-73.9832114,0.0,2.0,2.0,True
1008600049,1016969.0,36 EAST 31 STREET,40.7452892,-73.9835687,0.0,1.0,1.0,True
1008610001,1016981.0,303 5 AVENUE,40.7465026,-73.9854775,0.0,1.0,1.0,True
1008610003,1016982.0,307 5 AVENUE,40.7466151,-73.9853945,0.0,3.0,3.0,True
1008610022,1016988.0,135 MADISON AVENUE,40.7459095,-73.9839005,0.0,2.0,2.0,True
1008610047,1016993.0,44 EAST 32 STREET,40.7458243,-73.9829514,2.0,2.0,4.0,True
1008610057,1016997.0,147 Madison Ave,40.7461947,-73.9836019,7.0,1.0,8.0,True
1008610064,1017000.0,148 MADISON AVENUE,40.7464722,-73.9842505,0.0,1.0,1.0,True
1008610072,1017003.0,6 EAST 32 STREET,40.7465355,-73.9849903,3.0,2.0,5.0,True
1008610075,1017004.0,315 5 AVENUE,40.7469005,-73.9851887,0.0,0.0,0.0,True
1008620013,1017011.0,15 EAST 32 STREET,40.7469087,-73.9843406,0.0,2.0,2.0,True
1008620016,1017012.0,152 MADISON AVENUE,40.7467192,-73.9840736,0.0,0.0,0.0,True
1008620026,1017017.0,31 EAST 32 STREET,40.7464117,-73.9831714,0.0,2.0,2.0,True
1008620045,1017020.0,30 EAST 33 STREET,40.7466532,-73.9829656,1.0,2.0,3.0,True
1008630006,1017076.0,1 EAST 33 STREET,40.7476772,-73.9842646,2.0,0.0,2.0,True
1008630027,1017082.0,169 MADISON AVENUE,40.747139,-73.9830629,1.0,1.0,2.0,True
1008630029,1017083.0,33 EAST 33 STREET,40.7469908,-73.9826191,1.0,1.0,2.0,True
1008630060,1017089.0,183 MADISON AVENUE,40.7474958,-73.9827958,2.0,0.0,2.0,True
1008650014,1017122.0,200 MADISON AVENUE,40.748934,-73.9826908,9.0,0.0,9.0,True
1008650071,1017134.0,385 5 Ave,40.7494512,-73.9833887,1.0,0.0,1.0,True
1008660001,1017175.0,389 5 AVENUE,40.7496779,-73.9830479,0.0,2.0,2.0,True
1008660076,1017190.0,397 5 AVENUE,40.7499798,-73.9829395,0.0,0.0,0.0,True
1008670070,1017224.0,415 5 Ave,40.7505848,-73.9824497,5.0,2.0,7.0,True
1008680008,1017227.0,5 EAST 38 STREET,40.7509787,-73.9818096,0.0,1.0,1.0,True
1008680010,1017228.0,7 East 38 St,40.750993,-73.9816726,0.0,2.0,2.0,True
1008680016,1017230.0,260 MADISON AVENUE,40.7507399,-73.9812466,7.0,0.0,7.0,True
1008680025,1017231.0,261 MADISON AVENUE,40.7504653,-73.980597,3.0,0.0,3.0,True
1008680072,1017244.0,437 5 AVENUE,40.7513027,-73.9820224,0.0,1.0,1.0,True
1008690016,1017588.0,266 Madison Ave,40.7512726,-73.9808538,2.0,0.0,2.0,True
1008690020,1017589.0,271 MADISON AVENUE,40.7510745,-73.980189,0.0,1.0,1.0,True
1008690034,1017595.0,90 PARK AVENUE,40.750745,-73.979359,4.0,3.0,7.0,True
1008690054,1017597.0,273 Madison Ave,40.7512722,-73.9799909,2.0,0.0,2.0,True
1008690064,1017600.0,16 EAST 40 STREET,40.7515056,-73.981001,0.0,0.0,0.0,True
1008690066,1017601.0,10 EAST 40 STREET,40.7515386,-73.9812175,2.0,0.0,2.0,True
1008710003,1080796.0,32 UNION SQUARE,40.7355377,-73.9892182,5.0,3.0,8.0,True
1008710060,1017813.0,30 IRVING PLACE,40.7350023,-73.9877208,1.0,1.0,2.0,True
1008710068,1017814.0,21 Irving Pl,40.735169,-73.988266,0.0,1.0,1.0,True
1008710070,1017815.0,116 EAST 16 STREET,40.7353263,-73.9884785,0.0,2.0,2.0,True
1008720013,1017821.0,35 IRVING PLACE,40.7356831,-73.9880923,0.0,0.0,0.0,True
1008730067,1017860.0,215 PARK AVENUE SOUTH,40.7368084,-73.9882726,0.0,1.0,1.0,True
1008760001,1017946.0,251 PARK AVENUE SOUTH,40.7383454,-73.9873269,0.0,1.0,1.0,True
1008780001,1018010.0,287 Park Ave South,40.7395458,-73.9863623,2.0,0.0,2.0,True
1008780065,1018032.0,120 EAST 23 STREET,40.7394761,-73.985728,36.0,3.0,39.0,True
1008790081,1018063.0,315 PARK AVENUE SOUTH,40.7405136,-73.985634,5.0,1.0,6.0,True
1008800014,1018069.0,121 EAST 24 STREET,40.7406068,-73.9847174,1.0,1.0,2.0,True
1008800084,1018088.0,104 EAST 25 STREET,40.7410213,-73.9849374,3.0,1.0,4.0,True
1008810001,1018102.0,351 PARK AVENUE SOUTH,40.7416608,-73.9848723,2.0,0.0,2.0,True
1008810029,1018106.0,137 EAST 25 STREET,40.74087,-73.983162,2.0,1.0,3.0,True
1008820085,1018159.0,381 Park Ave South,40.742384,-73.984198,5.0,1.0,6.0,True
1008830001,1018162.0,387 PARK AVENUE SOUTH,40.7427201,-73.9839807,1.0,2.0,3.0,True
1008830088,1018203.0,401 PARK AVENUE SOUTH,40.7429534,-73.9837713,2.0,2.0,4.0,True
1008860001,1018296.0,443 PARK AVENUE SOUTH,40.7445946,-73.9827785,0.0,1.0,1.0,True
1008870082,1018468.0,192 Lexington Ave,40.7450797,-73.9810486,0.0,3.0,3.0,True
1008870095,1018471.0,471 PARK AVENUE SOUTH,40.7454015,-73.982089,1.0,1.0,2.0,True
1008880024,1018475.0,205 Lexington Ave,40.7451844,-73.9802068,1.0,1.0,2.0,True
1008880027,1018476.0,145 East 32 St,40.745065,-73.979974,0.0,2.0,2.0,True
1008950001,1019460.0,99 Park Ave,40.7503621,-73.9784823,2.0,1.0,3.0,True
1008950045,1019483.0,600 3 Ave,40.7492708,-73.9758842,2.0,0.0,2.0,True
1009030047,1019662.0,220 EAST 23 STREET,40.7381746,-73.9823796,1.0,0.0,1.0,True
1009200012,1082153.0,605 3 Ave,40.7490011,-73.9751301,3.0,0.0,3.0,True
1009270055,1020567.0,374 2 Ave,40.7369252,-73.9811801,2.0,3.0,5.0,True
1009400012,1021900.0,321 EAST 34 STREET,40.7446426,-73.9748245,3.0,3.0,6.0,True
1009690005,1022549.0,656 1 Ave,40.7459876,-73.9714553,5.0,0.0,5.0,True
1009930001,1022558.0,561 7 AVENUE,40.754792,-73.9875295,0.0,1.0,1.0,True
1009930011,1022563.0,1440 Broadway,40.7544363,-73.9865013,7.0,0.0,7.0,True
1009930029,1022565.0,5 BRYANT PARK,40.7540314,-73.9853856,1.0,1.0,2.0,True
1009930036,1022566.0,1071 6 Ave,40.7541296,-73.9850633,2.0,1.0,3.0,True
1009930055,1022569.0,1441 BROADWAY,40.7549978,-73.9871685,3.0,0.0,3.0,True
1009940001,1086069.0,1459 BROADWAY,40.7555193,-73.9868868,1.0,0.0,1.0,True
1009950005,1085682.0,1472 BROADWAY,40.7560214,-73.9857642,3.0,0.0,3.0,True
1009950033,1087268.0,1111 AVENUE OF THE AMER,40.7555629,-73.9847139,3.0,0.0,3.0,True
1009960001,1022610.0,1500 BROADWAY,40.7567707,-73.9856377,3.0,0.0,3.0,True
1009960029,1080823.0,1133 AVENUE OF THE AMER,40.7560568,-73.9838656,2.0,0.0,2.0,True
1009970029,1022631.0,1155 AVENUE OF THE AMER,40.7566716,-73.9833601,1.0,1.0,2.0,True
1009970041,1069581.0,120 WEST 45 STREET,40.757034,-73.9839412,2.0,1.0,3.0,True
1009980012,1022634.0,145 WEST 45 STREET,40.757679,-73.984302,0.0,1.0,1.0,True
1009980024,1022640.0,115 WEST 45 STREET,40.7572864,-73.9833708,0.0,2.0,2.0,True
1009990003,1022661.0, BROADWAY,40.7585738,-73.9844317,3.0,0.0,3.0,True
1009990009,1022663.0,151 WEST 46 STREET,40.7584064,-73.9840816,0.0,2.0,2.0,True
1009990029,1083716.0,1185 AVENUE OF THE AMER,40.7578984,-73.9825188,0.0,0.0,0.0,True
1010000029,1022678.0,1211 6 Ave,40.7588566,-73.9825742,12.0,0.0,12.0,True
1010010029,1022693.0,1221 6 Ave,40.7596269,-73.982146,3.0,0.0,3.0,True
1010020001,1084667.0,745 7 Ave,40.7604777,-73.9827177,1.0,0.0,1.0,True
1010030005,1022708.0,135 WEST 50 STREET,40.7609504,-73.9820559,3.0,1.0,4.0,True
1010030029,1022709.0,1271 AVENUE OF THE AMER,40.7605413,-73.981002,8.0,0.0,8.0,True
1010040020,1023157.0,787 7 AVENUE,40.7616942,-73.9817958,1.0,0.0,1.0,True
1010040029,1023158.0,1285 AVENUE OF THE AMER,40.7611643,-73.9805325,2.0,0.0,2.0,True
1010050029,1023161.0,1301 6 Ave,40.7619287,-73.9799667,7.0,2.0,9.0,True
1010060013,1076175.0,141 West 53 St,40.7629052,-73.9807638,3.0,0.0,3.0,True
1010070029,1083721.0,1345 AVENUE OF THE AMER,40.7630634,-73.9792541,0.0,0.0,0.0,True
1010080037,1023395.0,106 WEST 56 STREET,40.7636946,-73.9783731,2.0,0.0,2.0,True
1010090005,1084455.0,152 WEST 57 STREET,40.7648421,-73.9796362,3.0,0.0,3.0,True
1010100021,1023725.0,119 WEST 57 STREET,40.765119,-73.9779503,0.0,1.0,1.0,True
1010120015,1080830.0,230 West 41 St,40.75569,-73.9889055,6.0,0.0,6.0,True
1010120023,1024644.0,215 WEST 40 STREET,40.7553026,-73.988623,0.0,2.0,2.0,True
1010140033,1024686.0,3 TIMES SQUARE,40.7565705,-73.9870671,3.0,0.0,3.0,True
1010150029,1024706.0,1493 BROADWAY,40.757221,-73.9867132,4.0,1.0,5.0,True
1010160036,1024714.0,1515 BROADWAY,40.7579291,-73.9864388,5.0,0.0,5.0,True
1010210019,1024793.0,1613 BROADWAY,40.7611347,-73.9846441,0.0,0.0,0.0,True
1010220043,1024812.0,1631 Broadway,40.7622062,-73.9845925,4.0,2.0,6.0,True
1010240015,1076199.0,1675 BROADWAY,40.7631025,-73.9835462,2.0,1.0,3.0,True
1010240038,1024828.0,1680 Broadway,40.763067,-73.9825644,2.0,1.0,3.0,True
1010250025,1024836.0,1690 BROADWAY,40.7635113,-73.9822718,1.0,1.0,2.0,True
1010250043,1024838.0,1697 BROADWAY,40.7637942,-73.9831995,1.0,3.0,4.0,True
1010250054,1024842.0,244 West 54 St,40.7642534,-73.9834969,0.0,2.0,2.0,True
1010260032,1024854.0,848 7 AVENUE,40.7640711,-73.9814992,0.0,1.0,1.0,True
1010260055,1089439.0,250 West 55 St,40.7649245,-73.9831748,1.0,2.0,3.0,True
1010270020,1024877.0,1740 BROADWAY,40.7649495,-73.9816902,10.0,0.0,10.0,True
1010280029,1024895.0,888 7 AVENUE,40.7653611,-73.9808815,2.0,1.0,3.0,True
1010280033,1024896.0,894 7 AVENUE,40.7654186,-73.9805421,0.0,0.0,0.0,True
1010290012,1024901.0,1776 Broadway,40.7664377,-73.9815144,1.0,0.0,1.0,True
1010290053,1024909.0,1784 BROADWAY,40.7667418,-73.981419,5.0,0.0,5.0,True
1010350001,1024982.0,630 9 Ave,40.7599764,-73.9911777,8.0,0.0,8.0,True
1010400029,1076203.0,825 8 AVENUE,40.7622302,-73.9869433,3.0,0.0,3.0,True
1010430013,1025240.0,333 West 52 St,40.764352,-73.986631,0.0,2.0,2.0,True
1010480033,1026054.0,4 Columbus Ave,40.7673682,-73.9828761,1.0,0.0,1.0,True
1010540041,1083762.0,420 WEST 45 STREET,40.7605975,-73.9923907,1.0,1.0,2.0,True
1010650012,1026842.0,423 West 55 St,40.767393,-73.988006,7.0,2.0,9.0,True
1010980029,1027134.0,601 West 50 St,40.7662632,-73.9949505,1.0,1.0,2.0,True
1011020018,1027155.0,619 WEST 54 STREET,40.7691585,-73.9936822,4.0,3.0,7.0,True
1011130008,1084277.0,27 WEST 60 STREET,40.7696597,-73.9832919,1.0,2.0,3.0,True
1011130051,1027194.0,16 WEST 61 STREET,40.7697804,-73.98292,0.0,2.0,2.0,True
1012580001,1034195.0,47 West 42 St,40.7548902,-73.9834582,2.0,0.0,2.0,True
1012580009,1034196.0,1114 6 Ave,40.7546919,-73.9827258,1.0,1.0,2.0,True
1012580021,1034198.0,11 West 42 St,40.7541917,-73.9818165,2.0,0.0,2.0,True
1012580034,1034199.0,500 5 Ave,40.7539945,-73.98114,3.0,0.0,3.0,True
1012590001,1034202.0,1120 6 Ave,40.7555709,-73.9828124,2.0,2.0,4.0,True
1012600001,1034217.0,1140 6 Ave,40.7562629,-73.9827925,8.0,1.0,9.0,True
1012600024,1086846.0,19 WEST 44 STREET,40.7555321,-73.9808338,0.0,0.0,0.0,True
1012600042,1034228.0,2 WEST 45 STREET,40.7554661,-73.9802166,0.0,1.0,1.0,True
1012610016,1034243.0,45 WEST 45 STREET,40.7563501,-73.9811295,0.0,2.0,2.0,True
1012610019,1034244.0,35 WEST 45 STREET,40.7562622,-73.9809238,0.0,2.0,2.0,True
1012610030,1034250.0,7 WEST 45 STREET,40.755897,-73.9800576,0.0,0.0,0.0,True
1012610036,1083858.0,550 5 AVENUE,40.7557927,-73.9796137,0.0,0.0,0.0,True
1012620001,1034313.0,1180 AVENUE OF THE AMER,40.7573685,-73.9816237,1.0,1.0,2.0,True
1012620024,1034326.0,21 WEST 46 STREET,40.756693,-73.9800141,0.0,3.0,3.0,True
1012620048,1034341.0,16 WEST 47 STREET,40.7569318,-73.9798191,1.0,1.0,2.0,True
1012620054,1034344.0,30 WEST 47 STREET,40.757091,-73.9801944,0.0,0.0,0.0,True
1012620056,1034345.0,36 West 47 St,40.7572094,-73.9804101,0.0,2.0,2.0,True
1012630005,1034471.0,67 WEST 47 STREET,40.7579915,-73.9811435,0.0,0.0,0.0,True
1012630007,1034472.0,55 WEST 47 STREET,40.7578926,-73.9809053,0.0,1.0,1.0,True
1012630014,1034477.0,37 WEST 47 STREET,40.7576592,-73.9803567,0.0,0.0,0.0,True
1012630034,1034484.0,580 5 AVENUE,40.7570771,-73.9789816,0.0,0.0,0.0,True
1012630038,1034485.0,590 5 AVENUE,40.7571703,-73.9786098,0.0,1.0,1.0,True
1012630051,1034491.0,22 WEST 48 STREET,40.7576371,-73.9795446,0.0,0.0,0.0,True
1012630059,1034497.0,42 WEST 48 STREET,40.757898,-73.9801653,0.0,1.0,1.0,True
1012630061,1034498.0,48 West 48 St,40.758009,-73.9804589,1.0,1.0,2.0,True
1012630067,1034501.0,64 West 48 St,40.7581987,-73.9808791,0.0,1.0,1.0,True
1012630071,1034502.0,1212 AVENUE OF THE AMER,40.7582961,-73.9811867,2.0,1.0,3.0,True
1012640005,1077287.0,1230 6 Ave,40.758713,-73.980625,5.0,0.0,5.0,True
1012670022,1034512.0,15 WEST 51 STREET,40.7600494,-73.9777173,3.0,0.0,3.0,True
1012670034,1034516.0,640 5 AVENUE,40.759536,-73.9769991,1.0,2.0,3.0,True
1012670041,1034517.0,650 5 AVENUE,40.7597693,-73.9768041,1.0,0.0,1.0,True
1012680001,1081406.0,51 WEST 52 STREET,40.7612271,-73.9787457,1.0,0.0,1.0,True
1012680021,1076265.0,25 WEST 52 STREET,40.7605736,-73.9775908,0.0,0.0,0.0,True
1012690001,1034522.0,1330 AVENUE OF THE AMER,40.7619654,-73.9784783,3.0,1.0,4.0,True
1012690041,1034532.0,680 5 Ave,40.7610018,-73.9758203,1.0,0.0,1.0,True
1012700071,1034815.0,1350 AVENUE OF THE AMER,40.7625746,-73.9777778,2.0,1.0,3.0,True
1012710038,1077363.0,712 5 AVENUE,40.7622941,-73.975103,1.0,0.0,1.0,True
1012710071,1034855.0,1370 AVENUE OF THE AMER,40.7632744,-73.9774708,2.0,1.0,3.0,True
1012720034,1035051.0,720 5 AVENUE,40.7625987,-73.9747311,2.0,0.0,2.0,True
1012720066,1035058.0,48 WEST 57 STREET,40.7637628,-73.9765862,2.0,0.0,2.0,True
1012730001,1035062.0,1400 AVENUE OF THE AMER,40.764471,-73.9767123,0.0,0.0,0.0,True
1012730012,1035066.0,37 WEST 57 STREET,40.764103,-73.9759471,1.0,0.0,1.0,True
1012730022,1035071.0,9 West 57 St,40.7640224,-73.9747986,5.0,0.0,5.0,True
1012750001,1071438.0,461 5 AVENUE,40.7522303,-73.9813545,0.0,0.0,0.0,True
1012750008,1081144.0,7 EAST 40 STREET,40.7520298,-73.9808637,0.0,0.0,0.0,True
1012750012,1035315.0,15 EAST 40 STREET,40.7519118,-73.9805858,0.0,1.0,1.0,True
1012750023,1035318.0,285 MADISON AVENUE,40.7515905,-73.9797016,1.0,0.0,1.0,True
1012750027,1035319.0,100 PARK AVENUE,40.7513406,-73.9789257,4.0,2.0,6.0,True
1012750061,1035324.0,18 East 41 St,40.7522031,-73.9804859,0.0,1.0,1.0,True
1012750069,1035328.0,473 5 AVENUE,40.7524663,-73.9811451,0.0,0.0,0.0,True
1012760004,1076266.0,487 5 Ave,40.7530011,-73.98088,1.0,1.0,2.0,True
1012760033,1035334.0,118 Park Ave,40.7518833,-73.9783092,5.0,0.0,5.0,True
1012760042,1035335.0,60 East 42 St,40.7521083,-73.9787259,3.0,0.0,3.0,True
1012760058,1085972.0,300 Madison Ave,40.7525736,-73.9798321,1.0,0.0,1.0,True
1012770002,1035344.0,505 5 Ave,40.7535989,-73.9802758,2.0,2.0,4.0,True
1012770008,1035347.0,5 East 42 St,40.753471,-73.9798977,2.0,1.0,3.0,True
1012770014,1035348.0,330 MADISON AVENUE,40.7533251,-73.9794015,1.0,2.0,3.0,True
1012770027,1090825.0,51 EAST 42 STREET,40.7529654,-73.9785534,0.0,0.0,0.0,True
1012780001,1035355.0,521 5 AVENUE,40.7541706,-73.9798199,1.0,1.0,2.0,True
1012780014,1035357.0,340 MADISON AVENUE,40.7539371,-73.9789538,2.0,0.0,2.0,True
1012780020,1035360.0,333 Madison Ave,40.7535697,-73.9780586,3.0,0.0,3.0,True
1012780069,1035365.0,529 5 AVENUE,40.754434,-73.9796971,0.0,0.0,0.0,True
1012790001,1035366.0,531 5 AVENUE,40.7548375,-73.9794263,5.0,0.0,5.0,True
1012790009,1035369.0,7 East 44 St,40.7546209,-73.9789098,1.0,0.0,1.0,True
1012790017,1035370.0,346 Madison Ave,40.7544139,-73.9785124,2.0,0.0,2.0,True
1012790057,1035377.0,352 MADISON AVENUE,40.7546973,-73.9784085,1.0,0.0,1.0,True
1012790069,1035380.0,545 5 AVENUE,40.755068,-73.9792024,1.0,1.0,2.0,True
1012810056,1035394.0,366 Madison Ave,40.7553238,-73.9777534,1.0,0.0,1.0,True
1012810059,1035395.0,18 EAST 46 STREET,40.7553395,-73.9779679,1.0,0.0,1.0,True
1012810069,1035401.0,553 5 AVENUE,40.7556882,-73.9788233,4.0,1.0,5.0,True
1012820001,1035402.0,563 5 Ave,40.756066,-73.9785697,1.0,0.0,1.0,True
1012820017,1035403.0,390 Madison Ave,40.7558941,-73.977414,1.0,0.0,1.0,True
1012820021,1035404.0,383 Madison Ave,40.755447,-73.9767603,2.0,0.0,2.0,True
1012830017,1035420.0,400 MADISON AVENUE,40.7563768,-73.9769317,1.0,0.0,1.0,True
1012830069,1035427.0,589 5 AVENUE,40.7569506,-73.9778302,1.0,1.0,2.0,True
1012840002,1035430.0,597 5 AVENUE,40.7573376,-73.9776713,4.0,2.0,6.0,True
1012840007,1035434.0,7 EAST 48 STREET,40.7572304,-73.9770216,3.0,0.0,3.0,True
1012840056,1035445.0,424 MADISON AVENUE,40.7571864,-73.9763863,0.0,1.0,1.0,True
1012850015,1035454.0,444 Madison Ave,40.7576705,-73.9760172,2.0,0.0,2.0,True
1012850021,1035455.0,437 MADISON AVENUE,40.7573701,-73.9753936,1.0,1.0,2.0,True
1012850036,1081146.0,300 Park Ave,40.7570868,-73.9746997,5.0,2.0,7.0,True
1012860043,1090748.0,34 EAST 51 STREET,40.7579435,-73.9744369,1.0,0.0,1.0,True
1012870021,1035471.0,477 MADISON AVENUE,40.75852,-73.9746352,2.0,1.0,3.0,True
1012870028,1076267.0,41 East 51 St,40.7585623,-73.9740764,2.0,1.0,3.0,True
1012870033,1035473.0,350 PARK AVENUE,40.7583057,-73.9737293,3.0,1.0,4.0,True
1012880001,1035706.0,655 5 AVENUE,40.7597718,-73.9758656,2.0,1.0,3.0,True
1012880007,1035709.0,10 EAST 53 STREET,40.7598129,-73.9753169,2.0,3.0,5.0,True
1012880027,1083869.0,57 East 52 St,40.7591041,-73.9735254,2.0,0.0,2.0,True
1012880056,1088582.0,510 Madison Ave,40.759762,-73.9747609,1.0,0.0,1.0,True
1012890014,1035727.0,512 Madison Ave,40.7605176,-73.9744988,5.0,0.0,5.0,True
1012890021,1035728.0,515 MADISON AVENUE,40.7597302,-73.9736854,0.0,0.0,0.0,True
1012890028,1035731.0,43 EAST 53 STREET,40.7595983,-73.9733173,0.0,0.0,0.0,True
1012890036,1035732.0,390 Park Ave,40.759615,-73.972772,1.0,0.0,1.0,True
1012890052,1035734.0,527 MADISON AVENUE,40.7600293,-73.9735084,2.0,1.0,3.0,True
1012900001,1035741.0,689 5 AVENUE,40.761026,-73.9749086,2.0,0.0,2.0,True
1012900003,1035742.0,693 5 AVENUE,40.7611577,-73.9748544,0.0,0.0,0.0,True
1012900006,1081153.0,3 EAST 54 STREET,40.7608776,-73.9743924,0.0,0.0,0.0,True
1012900021,1035747.0,535 Madison Ave,40.7604939,-73.9733027,1.0,2.0,3.0,True
1012900036,1035751.0,400 Park Ave,40.7600764,-73.9724205,1.0,1.0,2.0,True
1012900052,1035758.0,545 Madison Ave,40.7607192,-73.9730858,2.0,1.0,3.0,True
1012900056,1035759.0,540 Madison Ave,40.7609387,-73.9736808,4.0,2.0,6.0,True
1012910001,1035768.0,711 5 AVENUE,40.7617093,-73.9743813,6.0,1.0,7.0,True
1012910010,1035769.0,550 MADISON AVENUE,40.7614621,-73.9735042,0.0,0.0,0.0,True
1012910021,1035770.0,551 MADISON AVENUE,40.7610255,-73.9729124,1.0,0.0,1.0,True
1012910028,1035771.0,65 EAST 55 STREET,40.7608853,-73.9721327,1.0,0.0,1.0,True
1012910038,1035772.0,430 PARK AVENUE,40.760759,-73.9718043,1.0,1.0,2.0,True
1012920015,1035778.0,590 Madison Ave,40.7621894,-73.9728977,3.0,0.0,3.0,True
1012920037,1035780.0,450 PARK AVENUE,40.7614945,-73.9713275,2.0,1.0,3.0,True
1012920048,1035788.0,32 EAST 57 STREET,40.7618707,-73.9720998,0.0,0.0,0.0,True
1012920052,1035789.0,575 MADISON AVENUE,40.7617692,-73.9723598,2.0,2.0,4.0,True
1012930001,1036049.0,737 5 Ave,40.7630447,-73.9735123,1.0,0.0,1.0,True
1012930014,1086164.0,19 East 57 St,40.7627857,-73.9725501,2.0,0.0,2.0,True
1012930016,1036060.0,592 Madison Ave,40.7625594,-73.9724054,2.0,0.0,2.0,True
1012930026,1036061.0,597 MADISON AVENUE,40.7623482,-73.9718289,1.0,0.0,1.0,True
1012930035,1036067.0,460 PARK AVENUE,40.7620269,-73.9710132,1.0,1.0,2.0,True
1012930069,1036079.0,745 5 AVENUE,40.7632488,-73.9731822,1.0,2.0,3.0,True
1012940037,1036084.0,500 PARK AVENUE,40.7628941,-73.9703558,0.0,0.0,0.0,True
1012940046,1036085.0,625 MADISON AVENUE,40.7631221,-73.9712221,7.0,1.0,8.0,True
1012950001,1036144.0,101 Park Ave,40.7510872,-73.9777639,2.0,0.0,2.0,True
1012950017,1036145.0,354 LEXINGTON AVENUE,40.7504729,-73.9771647,1.0,1.0,2.0,True
1012950020,1036146.0,363 LEXINGTON AVENUE,40.750459,-73.976432,0.0,0.0,0.0,True
1012950023,1036147.0,355 LEXINGTON AVENUE,40.7501599,-73.9764827,2.0,0.0,2.0,True
1012950033,1089024.0,622 3 AVENUE,40.7500801,-73.9758764,7.0,1.0,8.0,True
1012950058,1036150.0,364 LEXINGTON AVENUE,40.7507364,-73.9770238,1.0,1.0,2.0,True
1012960001,1036151.0,125 PARK AVENUE,40.751601,-73.9775144,1.0,0.0,1.0,True
1012960014,1036152.0,374 Lexington Ave,40.751242,-73.9766093,3.0,0.0,3.0,True
1012970033,1036161.0,666 3 Ave,40.7513163,-73.9745186,8.0,0.0,8.0,True
1012980023,1036162.0,425 LEXINGTON AVENUE,40.7522455,-73.974948,1.0,0.0,1.0,True
1012990022,1036174.0,437 LEXINGTON AVENUE,40.7528329,-73.9747348,2.0,0.0,2.0,True
1012990027,1036176.0,147 East 44 St,40.7527547,-73.9740644,1.0,1.0,2.0,True
1012990033,1036177.0,708 3 Ave,40.7524615,-73.9738001,1.0,0.0,1.0,True
1013000001,1036185.0,230 PARK AVENUE,40.7543922,-73.9761058,4.0,0.0,4.0,True
1013000033,1036193.0,730 3 AVENUE,40.7531756,-73.9733198,0.0,0.0,0.0,True
1013010001,1036205.0,245 PARK AVENUE,40.7546252,-73.9747233,9.0,2.0,11.0,True
1013010023,1036206.0,485 LEXINGTON AVENUE,40.7540787,-73.9734891,4.0,2.0,6.0,True
1013010033,1036207.0,750 3 AVENUE,40.7538562,-73.9728142,2.0,2.0,4.0,True
1013030001,1036223.0,299 PARK AVENUE,40.7560139,-73.974138,2.0,0.0,2.0,True
1013030033,1036228.0,776 3 AVENUE,40.7550115,-73.9717851,1.0,0.0,1.0,True
1013040033,1036446.0,800 3 AVENUE,40.7556345,-73.9713553,3.0,1.0,4.0,True
1013050013,1036451.0,560 LEXINGTON AVENUE,40.7568589,-73.9726398,1.0,1.0,2.0,True
1013050040,1036457.0,830 3 AVENUE,40.7563891,-73.9707594,1.0,1.0,2.0,True
1013050060,1036459.0,566 LEXINGTON AVENUE,40.7570757,-73.972405,1.0,0.0,1.0,True
1013060001,1036460.0,345 PARK AVENUE,40.7577537,-73.9724264,4.0,2.0,6.0,True
1013060042,1036463.0,154 East 52 St,40.7572013,-73.9708084,0.0,1.0,1.0,True
1013070014,1036466.0,600 LEXINGTON AVENUE,40.7580609,-73.9716033,1.0,1.0,2.0,True
1013090023,1036482.0,641 LEXINGTON AVENUE,40.7589003,-73.9697584,1.0,1.0,2.0,True
1013090032,1081162.0,900 3 AVENUE,40.7587025,-73.9690943,2.0,1.0,3.0,True
1013100001,1036505.0,425 Park Ave,40.7604249,-73.9709797,4.0,0.0,4.0,True
1013100041,1036525.0,160 EAST 56 STREET,40.7596136,-73.9687041,0.0,0.0,0.0,True
1013100065,1036530.0,120 East 56 St,40.7604762,-73.9706624,1.0,1.0,2.0,True
1013110001,1081164.0,445 Park Ave,40.7611017,-73.9706512,2.0,1.0,3.0,True
1013110040,1036882.0,950 3 Ave,40.7603149,-73.9681333,1.0,0.0,1.0,True
1013120015,1036904.0,135 EAST 57 STREET,40.7613869,-73.9693674,3.0,0.0,3.0,True
1013120024,1036908.0,145 EAST 57 STREET,40.7609448,-73.9684508,0.0,2.0,2.0,True
1013120041,1036915.0,150 EAST 58 STREET,40.7610352,-73.9679237,5.0,1.0,6.0,True
1013130004,1037164.0,499 Park Ave,40.7624801,-73.969562,1.0,0.0,1.0,True
1013130005,1037165.0,111 EAST 58 STREET,40.7622186,-73.9693165,2.0,1.0,3.0,True
1013150001,1037545.0,655 3 AVENUE,40.7502719,-73.9744146,2.0,1.0,3.0,True
1013160001,1037549.0,675 3 AVENUE,40.7510156,-73.9738693,1.0,1.0,2.0,True
1013160012,1037551.0,219 EAST 42 STREET,40.7506724,-73.9730501,2.0,0.0,2.0,True
1013160023,1037552.0,235 East 42 St,40.7504101,-73.9724544,2.0,0.0,2.0,True
1013160030,1037553.0,801 2 AVENUE,40.7504251,-73.9721299,0.0,0.0,0.0,True
1013170001,1037555.0,685 3 AVENUE,40.7515809,-73.9733313,1.0,2.0,3.0,True
1013170007,1037556.0,211 East 43 St,40.7514111,-73.9730219,1.0,0.0,1.0,True
1013170021,1037561.0,815 2 AVENUE,40.7508395,-73.971841,1.0,1.0,2.0,True
1013180001,1037568.0,711 3 AVENUE,40.75216,-73.9728258,5.0,2.0,7.0,True
1013180038,1037579.0,216 East 45 St,40.7520899,-73.9721596,0.0,3.0,3.0,True
1013190012,1037588.0,227 East 45 St,40.752343,-73.9717223,1.0,1.0,2.0,True
1013190047,1037596.0,733 3 AVENUE,40.7528872,-73.9722155,2.0,0.0,2.0,True
1013200046,1081179.0,747 3 AVENUE,40.75348,-73.9720492,0.0,2.0,2.0,True
1013210001,1037986.0,757 3 AVENUE,40.7539218,-73.9714751,2.0,1.0,3.0,True
1013210022,1037988.0,885 2 AVENUE,40.7534933,-73.9702265,0.0,0.0,0.0,True
1013220001,1038000.0,777 3 AVENUE,40.7547122,-73.9710922,1.0,1.0,2.0,True
1013230047,1088785.0,805 3 AVENUE,40.7553872,-73.9705397,0.0,0.0,0.0,True
1013250001,1038464.0,845 3 AVENUE,40.7566194,-73.9697631,1.0,1.0,2.0,True
1013260001,1038517.0,875 3 AVENUE,40.7572176,-73.9691961,2.0,0.0,2.0,True
1013280001,1038570.0,909 3 AVENUE,40.7582987,-73.9679034,4.0,1.0,5.0,True
1013290001,1085955.0,919 3 AVENUE,40.7589628,-73.967589,1.0,0.0,1.0,True
1013320001,1038623.0,979 3 AVENUE,40.7609524,-73.9662633,4.0,1.0,5.0,True
1013340001,1038650.0,768 2 Ave,40.7493364,-73.9721899,3.0,1.0,4.0,True
1013350005,1038659.0,320 EAST 43 STREET,40.7498622,-73.9712206,0.0,0.0,0.0,True
1013360031,1038670.0,338 EAST 44 STREET,40.7502846,-73.9698526,0.0,0.0,0.0,True
1013370014,1038757.0,323 East 44 St,40.7509162,-73.9695423,1.0,2.0,3.0,True
1013390005,1038897.0,305 East 46 St,40.7523491,-73.9695733,0.0,3.0,3.0,True
1013740014,1040753.0,650 MADISON AVENUE,40.7640362,-73.9716621,2.0,1.0,3.0,True
1013740049,1040762.0,645 Madison Ave,40.7639416,-73.9708307,2.0,1.0,3.0,True
1013740060,1040763.0,10 EAST 60 STREET,40.7642915,-73.9717414,2.0,1.0,3.0,True
1013750016,1040801.0,652 MADISON AVENUE,40.7644807,-73.9711205,1.0,0.0,1.0,True
1013750021,1040802.0,653 MADISON AVENUE,40.7642774,-73.9705321,2.0,0.0,2.0,True
1013750049,1072007.0,667 MADISON AVENUE,40.7645162,-73.9703154,1.0,0.0,1.0,True
1013910014,1041796.0,974 MADISON AVENUE,40.7748043,-73.9636025,4.0,0.0,4.0,True
1013940001,1041900.0,505 PARK AVENUE,40.7629377,-73.9692909,3.0,1.0,4.0,True
1013940005,1041901.0,111 East 59 St,40.7629683,-73.9688996,3.0,2.0,5.0,True
1014220005,1081220.0,205 EAST 67 STREET,40.7664021,-73.9619645,0.0,0.0,0.0,True
1014350044,1088662.0,306 EAST 61 STREET,40.7613603,-73.9628338,0.0,0.0,0.0,True
1015570008,1050309.0,309 East 94 St,40.7827211,-73.9469829,1.0,1.0,2.0,True
1016080069,1051496.0,1216 5 AVENUE,40.7919657,-73.9522063,2.0,0.0,2.0,True
1016340003,1052015.0,105 East 106 St,40.792934,-73.947166,10.0,0.0,10.0,True
1016340065,1052058.0,110 East 107 St,40.7931705,-73.9469876,3.0,0.0,3.0,True
1017230010,1053499.0,55 West 125 St,40.8075352,-73.9441483,3.0,1.0,4.0,True
1017740001,1054472.0,103 EAST 125 STREET,40.8051394,-73.9385068,4.0,0.0,4.0,True
1017750033,1054497.0,2322 3 AVENUE,40.8048798,-73.9355487,1.0,1.0,2.0,True
1019090012,1057820.0,132 West 125 St,40.808136,-73.947417,4.0,3.0,7.0,True
1019300030,1058640.0,2082 Adam C Powell Blvd,40.8087621,-73.9489203,6.0,1.0,7.0,True
1019310021,1058659.0,215 West 125 St,40.8097093,-73.9489856,3.0,0.0,3.0,True
1019510004,1087468.0,374 WEST 125 STREET,40.8109544,-73.9537641,0.0,0.0,0.0,True
1019660095,1090163.0,450 West 126 St,40.8131809,-73.9552253,1.0,0.0,1.0,True
1019670040,1081781.0,1361 Amsterdam Ave,40.8142068,-73.9552405,2.0,0.0,2.0,True
1005980042,1000000.0,561 Greenwich St,40.7277621,-74.0084797,,,,
1006620003,1012253.0,25 11 Ave,40.74294099999999,-74.0091145,,,,
1007120036,1090217.0,61 9 Ave,40.7416307,-74.0052775,,,,
1008610044,1080789.0,462 Park Ave South,40.7455474,-73.982873,,,,
1000370001,,"111 Wall St, New York, NY 10005",40.704268,-74.007223,1.0,1.0,2.0,1
1000580001,,"One World Trade Center, New York, NY 10007",40.7130944,-74.0131315,2.0,5.0,7.0,1
1000840036,,"7 World Trade Center, New York, NY 10007",40.7134379,-74.0121173,2.0,2.0,4.0,1
1007060017,1017191.0,"509 W 34th St, New York, NY 10001",40.75546458792491,-73.99996331339457,1.0,3.0,4.0,1
