bbl,address,percentage,savings,hvac_cost
1006730001,261 11 Ave,39.99999961129323,130282.62,325706.5531651086
1010980029,601 West 50 St,39.99998610248026,2713.42,6783.552356863821
1010320048,330 West 42 St,38.87999971479268,88151.84,226727.98520227574
1007120029,47 9 Ave,38.209997433483764,23039.24,60296.36625887472
1005980042,555 Greenwich St,38.161002335263575,33246.76,87122.3447117833
1007940017,135 West 18 St,38.0500038232095,29539.63,77633.7109905403
1013060033,850 3 Ave,37.435000005030176,535810.19,1431308.1071938095
1001960005,408 Broadway,37.28998105192226,9774.67,26212.59041775814
1013230047,805 3 Ave,36.67999991250376,303263.35,826781.2178936817
1008740001,225 Park Ave South,36.58700140456418,127134.23,347484.6943432215
1008020056,122 West 27 St,36.3199946649283,21321.48,58704.52404165322
1008550024,354 Park Ave South,36.21600025434805,305915.71,844697.669128363
1010100015,123 West 57 St,35.83500146236095,42442.33,118438.19804103821
1013340001,768 2 Ave,35.195999136542504,168957.75,480048.17065863137
1010130042,221 West 41 St,35.18820934002293,224576.54,638215.3119242914
1005110001,568 Broadway,35.11000131614202,115712.94,329572.5880443085
1013940005,111 East 59 St,35.082001724721,96178.76,274154.1396488398
1008050003,345 7 Ave,35.06999669744516,32588.55,92924.30301932152
1019670045,461 West 126 St,35.036668617530545,25223.96,71993.03185856897
1008040001,319 7 Ave,34.890000383305,112872.78,323510.4005731398
1005970001,515 Greenwich St,34.826665652268645,15260.91,43819.61268521808
1008340080,1270 Broadway,34.740999546945076,162998.49,469181.92373752
1007860023,229 West 36 St,34.629997199387645,29248.09,84458.82866117352
1010260032,848 7 Ave,34.44998982351325,10034.11,29126.59786375725
1006450029,416 West 13 St,34.40000112685248,74998.17,218017.9289048243
1000430001,44 Wall St,34.340000491686354,131453.04,382798.59673218266
1007790013,241 West 29 St,34.21999042574173,15308.5,44735.54729134084
1000460009,14 Wall St,34.06999983887117,783411.34,2299416.917243979
1008870095,471 Park Ave South,33.94000098232844,123062.68,362588.9111319564
1000880001,217 Broadway,33.8799986090091,59335.37,175133.92100382794
1007660061,230 West 17 St,33.73000831767543,12862.73,38134.38134629686
1000920024,116 Nassau St,33.71667245537321,24732.78,73354.74766300226
1007780020,239 West 28 St,33.70999861575715,53290.76,158085.91571727378
1005780047,250 Hudson St,33.41999911275664,125315.65,374972.0326957344
1008190056,18 West 18 St,33.40999923641051,40105.86,120041.4873290158
1012690041,680 5 Ave,33.3410006783089,164238.26,492601.4716374445
1005230048,18 West Houston St,33.333334673901014,74834.37,224503.10097115196
1007080037,481 10 Ave,33.266993924601515,26585.43,79915.33608433319
1008020008,151 West 26 St,33.259999526313486,53778.21,161690.3510700703
1010080037,106 West 56 St,33.20000539232365,19254.96,57996.85805006538
1008320017,1241 Broadway,33.18000036972994,49696.16,149777.45462998166
1008690066,10 East 40 St,33.180000125748,278273.8,838679.3217160263
1008550016,53 East 25 St,33.10000005862865,56556.57,170865.7700901018
1000880018,225 Broadway,33.08999964228278,135350.74,409038.2032734968
1008560058,60 Madison Ave,33.05999915747396,84785.52,256459.53466648023
1008400058,16 West 39 St,33.04332283094259,15444.79,46741.0317025899
1000750030,111 John St,33.00000037271279,111361.07,337457.78406742937
1012810069,553 5 Ave,32.990001285980604,57891.15,175480.89646362446
1015310040,209 East 85 Street,32.93333385867724,43137.58,130984.55256643918
1007860064,226 West 37 St,32.90099956493261,28871.79,87753.53448766605
1008650014,200 Madison Ave,32.88000003377955,285980.36,869769.9504446337
1013130005,111 East 58 St,32.87999936197169,246192.03,748759.2298579557
1012900003,693 5 Ave,32.869998913266414,68399.97,208092.40116035903
1013750049,667 Madison Ave,32.787999205871785,188605.31,575226.6517263546
1012840007,7 East 48 St,32.779999746735285,309404.7,943882.5576281924
1006090007,154 West 14 St,32.74999735208971,27461.02,83850.44952758682
1008400031,15 West 38 St,32.74000871747578,11824.52,36116.42288197795
1007890052,218 West 40 St,32.70999868021755,66281.87,202634.89047489973
1013000001,230 Park Ave,32.67803411138828,809884.51,2478375.8632461787
1008280035,218 5 Ave,32.67699641187166,42784.57,130931.77065826106
1008470001,109 5 Ave,32.662999385728085,92825.5,284191.5982785083
1007870067,246 West 38 St,32.596998558800976,15463.15,47437.342956917884
1010277503,1731 Broadway,32.58333288493196,215981.7,662859.4464622122
1008290011,45 West 27 St,32.56000325854152,29567.97,90810.70958505935
1010350017,315 West 44 Street,32.53000059251469,73018.27,224464.39800189203
1012810059,18 East 46 St,32.46000313094907,40777.14,125622.72355766021
1012700049,20 West 55 St,32.46000217568179,74194.36,228571.64210415407
1005970062,323 Hudson St,32.46000003970993,82467.96,254060.25846923242
1007080031,469 10 Ave,32.45500023422724,108995.82,335836.7561650865
1013210001,757 3 Ave,32.439999381395644,218777.53,674406.7021328891
1007590045,519 8 Ave,32.43000040479988,118338.25,364903.6340514047
1008610022,135 Madison Ave,32.420002531209065,63377.94,195490.23766728374
1008210014,39 West 19 St,32.38999831645165,66644.71,205757.06534121544
1008600045,450 Park Ave South,32.38000163402697,45484.75,140471.73472715865
1008490016,902 Broadway,32.34000059684927,122080.64,377491.1494958158
1008060001,363 7 Ave,32.286997078598745,24210.2,74984.36581470624
1013050060,566 Lexington Ave,32.28000008657537,243997.08,755876.949645591
1013940013,750 Lexington Ave,32.25999963533366,131965.39,409068.1695342031
1012950033,622 3 Ave,32.25000012376717,677170.35,2099753.0151975043
1012700071,1350 6 Ave,32.24176308952556,293049.45,908912.6087375896
1000200004,39 Broadway,32.22999995801894,228682.41,709532.7654293185
1008570024,63 Madison Ave,32.22999970278879,414928.64,1287398.8328460867
1008530002,1 Madison Ave,32.2109997096484,333612.34,1035709.3632833465
1008670015,232 Madison Ave,32.20100188779732,84022.58,260931.57067836655
1008680008,5 East 38 St,32.18000084704406,23501.56,73031.57048287886
1007950037,635 6 Ave,32.17000049045556,94214.07,292863.12888914056
1012750014,286 Madison Ave,32.16000065709917,69748.53,216879.75303135865
1010400029,825 8 Ave,32.148754545303696,955930.04,2973459.0142610753
1013080033,880 3 Ave,32.139999653668156,59756.06,185924.27082736453
1000160120,1 World Financial Center,32.1259604124394,808370.56,2516253.3652596837
1010290012,1776 Broadway,32.11699638727883,22647.07,70514.2838605239
1008360043,366 5 Ave,32.079991485519294,18563.92,57867.59640625103
1012780069,529 5 Ave,32.070000389634004,88209.63,275053.41106422944
1005810063,225 Varick St,32.060001325335506,118994.63,371162.2741137074
1008290016,31 West 27 St,32.06000105177267,74343.86,231889.7615753177
1008790081,315 Park Ave South,32.05000007458178,90829.17,283398.34567437274
1000500001,115 Broadway,32.040000214045584,184296.69,575208.1422246953
1013150001,655 3 Ave,32.02000025139557,263932.5,824273.8848463835
1012610019,35 West 45 St,32.01001459306884,9288.92,29018.79339352547
1008660076,397 5 Ave,32.00000254392215,52613.29,164416.5181792868
1000220013,Standard Oil Building,31.980000053595358,146563.78,458298.2481375028
1012710038,712 5 Ave,31.929999869404472,164247.78,514399.5636447943
1008130050,1384 Broadway,31.929000120561717,137805.51,431599.82924506196
1008150014,1412 Broadway,31.87999920498771,125159.69,392596.2770426244
1008590064,105 Madison Ave,31.85000334053834,46046.03,144571.50759979076
1012870021,477 Madison Ave,31.84000015733266,79460.49,249561.83921908835
1013180001,711 3 Ave,31.816636525136765,224864.44,706751.1357536037
1008680072,437 5 Ave,31.809993757038036,19246.09,60503.28128637798
1017700036,2226 3 Ave,31.790003432442848,16007.27,50353.15593474898
1008190037,118 5 Ave,31.790001025420704,23599.08,74234.28511728931
1000640015,160 Broadway,31.789999400058072,58106.77,182783.17425792041
1012710071,1370 6 Ave,31.739999876893116,173165.61,545575.3329289249
1009980024,115 West 45 St,31.720000106995755,17947.31,56580.42225555281
1008330011,1240 Broadway,31.710000218327313,355948.0,1122510.2414041425
1007890021,231 West 39 St,31.690001136063266,49722.8,156903.74950291618
1007970054,118 West 22 St,31.667002032001584,20731.81,65468.18034447702
1004980011,549 Broadway,31.65000052935928,99590.82,314662.93312575854
1008290036,236 5 Ave,31.650000088293112,64312.68,203199.6202862203
1008860001,443 Park Ave South,31.6400164896898,8115.43,25649.25970454058
1013100063,126 East 56 St,31.640002436374882,48317.24,152709.343487446
1008560009,11 East 26 St,31.636667519127005,86105.88,272171.1442835811
1012620001,1180 6 Ave,31.586666144415915,169057.1,535216.6614452503
1009940045,130 West 42 St,31.583998782388022,97076.24,307358.9277559496
1013320001,979 3 Ave,31.559999929408207,344696.69,1092194.8376774397
1008330038,302 5 Ave,31.55667190216954,17555.03,55630.16928535192
1007297505,2 Manhattan West,31.510000616874102,191355.24,607284.1518686808
1000370001,120 Wall St,31.50000012417938,561594.58,1782839.9294796204
1013050013,560 Lexington Ave,31.499999976697644,125610.38,398763.11140609905
1012727503,730 5 Ave,31.489999373966565,233964.17,742979.278028894
1006270043,320 West 13 St,31.477000510398746,78205.16,248451.754398149
1008070001,393 7 Ave,31.470000287682247,404337.83,1284835.8001390388
1010150029,1493 Broadway,31.470000158793304,392264.59,1246471.5221502597
1009970041,120 West 45 St,31.46000082442997,178936.69,568775.2234928373
1008710003,32 Union Square E,31.450000495096564,42236.4,134296.9772181249
1010250025,1690 Broadway,31.440000225180825,397508.56,1264340.194506833
1008380012,53 West 36 St,31.430006062028852,25717.8,81825.6285068622
1012600042,2 West 45 St,31.41000199568299,49151.87,156484.77197408478
1008220015,27 West 20 St,31.399994383427543,17724.62,56447.8444918283
1012720066,48 West 57 St,31.36999778957138,57682.53,183878.01741948462
1009980029,1177 6 Ave,31.347999706044078,470217.27,1499991.305376143
1000490002,111 Broadway,31.31999934120054,199090.89,635666.9673939035
1009930029,5 Bryant Park,31.31327356401375,274509.85,876656.5061900005
1008030018,129 West 27 St,31.311001074109353,24217.87,77346.20155605767
1013200046,747 3 Ave,31.31000001908933,200199.37,639410.3158030688
1012750008,7 East 40 St,31.28700868570784,13372.56,42741.57409656326
1007890014,251 West 39 St,31.26000669802841,10657.47,34092.98693679478
1012760069,501 5 Ave,31.23099932304211,50927.01,163065.57940471105
1000200009,45 Broadway,31.229999912142524,142199.28,455329.107909192
1008260057,24 West 25 St,31.229997423171245,20412.98,65363.3739490945
1017740001,103 East 125 St,31.223283627344195,33695.37,107917.4452058298
1008740004,33 Irving Place,31.221330448916827,45175.11,144693.09715648994
1009930047,1450 Broadway,31.210999284318362,158770.51,508700.5018765054
1013010023,485 Lexington Ave,31.196012809946712,325548.11,1043556.7903607234
1007620050,318 West 39 St,31.190003889449365,35208.32,112883.34597454125
1009960029,1133 6 Ave,31.169999900704926,304807.91,977888.7102053106
1008670070,415 5 Ave,31.16399936705159,198097.16,635660.2619156768
1008430045,79 5 Ave,31.160001150390283,136618.16,438440.8053793954
1012967502,131 East 41 Street,31.16000032539279,229058.29,735103.6187677338
1013220001,777 3 Ave,31.15999989928224,311378.4,999288.8350656654
1008220070,54 West 21 St,31.159994632048633,29061.0,93263.81580987253
1008610064,148 Madison Ave,31.150001243111003,22445.54,72056.30531062646
1012850021,437 Madison Ave,31.139999838748267,540525.08,1735790.2466248935
1012750069,473 5 Ave,31.13700017563203,522653.56,1678561.0593567432
1013070014,600 Lexington Ave,31.100000491394663,127595.93,410276.2957682449
1012870058,16 East 52 St,31.091000461918146,97216.94,312685.1453978662
1012910028,65 East 55 St,31.070000111152257,174759.94,562471.6426610881
1008250031,1097 Broadway,31.069999855292572,507119.92,1632185.137952665
1013110050,695 Lexington Ave,31.069002094110328,57263.12,184309.49222812415
1013170001,685 3 Ave,31.0599999784817,279585.1,900145.2034568446
1008010001,275 7 Ave,31.054930753084957,132834.27,427739.7076044177
1009400012,321 East 34 St,31.050003883973304,19662.52,63325.33829455963
1012780001,521 5 Ave,31.039602372635787,223805.22,721031.2081745754
1008590015,102 Madison Ave,31.020005778213427,24398.78,78654.98212491057
1008570038,386 Park Ave South,31.008999466458114,162554.96,524218.6552192141
1007060017,The Spiral,31.00000019347982,660924.41,2132014.2124999445
1009950005,Conde Nast Building,30.99999992534866,777757.04,2508893.683461041
1012790057,352 Madison Ave,30.990001183161425,129578.16,418128.9288572436
1005970012,78 Vandam St,30.990001037315768,140236.26,452520.9916293269
1007600032,307 West 36 St,30.9800023225328,52983.24,171024.00267240618
1007790041,352 7 Ave,30.969998338653344,52943.18,170949.8961577991
1008380015,43 West 36 St,30.96000136425593,22653.42,73169.95801606753
1008190039,122 5 Ave,30.950001069280937,48930.68,158095.89114543062
1007280060,442 West 31 St,30.94999677698625,40668.42,131400.401405664
1008620045,30 East 33 St,30.929999555995142,48593.41,157107.69705000264
1008220054,22 West 21 St,30.91900514075892,26882.41,86944.61505995326
1008710060,30 Irving Pl,30.910000198168998,37956.58,122797.0875336598
1012810001,547 5 Ave,30.905999971644615,375106.7,1213701.871300556
1008290032,13 West 27 St,30.89999924010522,21531.77,69682.10527349735
1008390070,42 West 38 St,30.890012996718426,11340.75,36713.322202890544
1012790045,52 Vanderbilt Ave,30.88400068709245,81282.64,263186.8870342662
1007570031,461 8 Ave,30.88399981019879,312508.77,1011879.199328322
1008360020,17 West 34 St,30.881997921718572,73926.12,239382.5690533109
1006460027,428 West 14 St,30.849992082854026,18742.71,60754.34298220427
1005980058,341 Hudson St,30.846899735331316,361905.85,1173232.490477743
1012890036,390 Park Ave,30.81600015388264,201876.06,655101.4375386572
1013740060,10 East 60 St,30.80999958780999,151717.51,492429.44508193765
1014350044,306 East 61 St,30.809987060219413,3844.84,12479.20030763109
1008370056,16 West 36 St,30.799991202712,16493.93,53551.73607500146
1000350001,77 Front St,30.798028149793105,563016.77,1828093.562554206
1008060006,151 West 30 St,30.797999995239568,118599.63,385088.7395880638
1008610047,44 East 32 St,30.790004019305993,16539.64,53717.563627563315
1013737507,3 Dag Hammarskjold Plaza,30.79000228491632,52273.67,169774.81689115785
1008550037,35 Madison Ave,30.79000028827007,405163.65,1315893.6219768515
1013260001,875 3 Ave,30.79000003267019,285418.03,926982.8830696752
1013190047,733 3 Ave,30.789999733506786,239042.72,776364.8004837919
1008280009,37 West 26 St,30.78999892360441,25939.3,84245.86199031744
1006467501,411 West 13 Street,30.78999830248779,49082.07,159409.13512825442
1008260069,48 West 25 St,30.779995582364872,12742.8,41399.616078245555
1000460003,100 Broadway,30.77799904770276,121310.84,394147.9100443813
1008620026,31 East 32 St,30.77000826924012,8760.03,28469.378114393126
1009970029,1155 6 Ave,30.769999609067394,256393.14,833256.8841646827
1008490031,45 East 20 St,30.76001126320471,9433.23,30667.18643007806
1008210055,18 West 20 St,30.76000506375755,22837.1,74242.83563238883
1010070029,1345 6 Ave,30.759999997251253,1239834.61,4030671.684365387
1013050040,830 3 Ave,30.740001103821623,49383.8,160649.96170042612
1012950001,101 Park Ave,30.7349999276574,632232.82,2057045.1325463473
1013170007,211 East 43 St,30.721998924337292,94520.78,307664.8112409207
1012890028,43 East 53 St,30.707001515561483,87928.29,286346.06330885255
1013210022,1 Dag Hammarskjold Plaza,30.699999569882568,315287.26,1026994.3466360967
1008030067,150 West 28 St,30.67001029315362,13592.79,44319.4830066108
1005990064,375 Hudson St,30.649999416480423,238685.19,778744.5172728441
1013357501,Lipstick Building,30.640000151701035,362388.21,1182729.1390528318
1008570076,243 5 Ave,30.630999076515835,121705.14,397326.7071569626
1007890036,550 7 Ave,30.619998406729927,85097.31,277914.15554514393
1012660001,1260 6 Ave,30.59299927857605,169103.08,552750.903761244
1013387503,809 1 Ave,30.59000063140956,53060.39,173456.6489204908
1005650015,849 Broadway,30.589999719707905,84121.56,274996.9296201198
1012870014,488 Madison Ave,30.549999279169914,130744.33,427968.35707012983
1000840036,7 World Trade Center,30.540000040939958,1936287.56,6340168.819267642
1008030004,307 7 Ave,30.539998284856974,31622.7,103545.1924556259
1000400014,48 Wall St,30.510001158038058,119710.16,392363.6691454585
1008660001,389 5 Ave,30.500000763067508,36681.93,120268.61994186635
1012770002,505 5 Ave,30.49400084942037,96280.23,315734.98825369804
1013100065,120 East 56 St,30.47900208449963,48548.92,159286.44863569856
1007850037,462 7 Ave,30.470000485180275,69413.96,227810.8266974296
1004970001,530 Broadway,30.469999509946916,44543.5,146188.05617459494
1012780014,340 Madison Ave,30.46999907397282,106088.5,348173.6239717177
1009930011,1440 Broadway,30.46799978462344,371441.05,1219118.5920496774
1008950045,600 3 Ave,30.462000444537075,335885.39,1102637.3353632994
1012670041,650 5 Ave,30.43973531918048,165283.35,542985.503214454
1001680032,75 Centre St,30.42999949626089,228277.8,750173.5253990057
1008370058,20 West 36 St,30.41000031818446,25532.56,83961.06456050293
1007800013,247 West 30 St,30.400007289450848,10102.98,33233.478873229906
1008610075,315 5 Ave,30.399996121908217,34411.6,113196.06707186636
1010060013,141 West 53 St,30.397000041030996,492430.31,1619996.4119330833
1000130005,11 Broadway,30.386666073766094,210812.5,693766.4681220229
1007580082,440 9 Ave,30.380000845080644,140172.62,461397.6830178324
1012900021,535 Madison Ave,30.360999693731582,335457.42,1104895.8314414774
1013090023,641 Lexington Ave,30.357364505080643,175626.47,578530.0300709798
1012780020,333 Madison Ave,30.355000320194243,428351.85,1411140.983302941
1008650071,385 5 Ave,30.349999830601277,101926.83,335837.9919898032
1008140052,1402 Broadway,30.34899921689982,107331.22,353656.53817089525
1008240032,3 West 22 St,30.3466709464134,7564.54,24927.083479296874
1013750021,653 Madison Ave,30.32999980902939,105492.48,347815.63028099446
1012890052,527 Madison Ave,30.319998281294918,61900.25,204156.5089341962
1012720063,38 West 57 St,30.315000026764892,646605.61,2132955.9934986527
1012880021,503 Madison Ave,30.310999947073874,140303.1,462878.493764586
1012750023,285 Madison Ave,30.31000015220966,195331.94,644447.1759125344
1000220028,52 Broadway,30.3000007814235,99007.06,326755.965170469
1004760007,100 6 Ave,30.300000310128176,129472.92,427303.36196307547
1000390012,1 Wall Street Plaza,30.30000001034381,625638.35,2064813.0355987446
1008340049,4 West 33 St,30.29000008426189,174347.38,575593.8577583154
1002210030,200 Hudson St,30.289998834848912,50858.86,167906.44422701802
1008690034,90 Park Ave,30.27999991074286,578897.7,1911815.3953316766
1010250043,1697 Broadway,30.270000338291013,74886.31,247394.4802216277
1000580001,1 World Trade Center,30.27000009865899,1330497.62,4395433.153827256
1000670001,59 Maiden Ln,30.260000034720992,722207.12,2386672.5683123716
1008560024,380 Park Ave South,30.221000075344868,714391.78,2363891.923559541
1004990007,104 Greene St,30.219994673421034,23102.43,76447.49858383977
1008630013,15 East 33 St,30.216333935768745,143835.47,476018.93170016236
1010040020,787 7 Ave,30.209999923064423,949339.87,3142468.9586814847
1008680016,260 Madison Ave,30.209999785761227,286501.59,948366.7395953966
1005120023,569 Broadway,30.194334245956867,120155.52,397940.6170086008
1009200012,605 3 Ave,30.19300020478857,587390.03,1945451.018500774
1008460033,200 Park Ave South,30.163999326704683,75032.05,248747.02186315495
1012809010,MetLife Building,30.158000005305684,2505759.6,8308772.463555816
1013030001,299 Park Ave,30.149999899143403,404736.03,1342408.0641920634
1000200016,1 Exchange Plaza,30.147293619166117,133090.83,441468.5831546339
1012880027,57 East 52 St,30.147000054776157,718931.35,2384752.541525605
1012580021,11 West 42 St,30.14499947027313,259395.72,860493.363935195
1012920037,450 Park Ave,30.120000466031648,227295.19,754632.0932376349
1000460001,2 Wall St,30.119999105654838,77572.66,257545.35957285677
1000220024,50 Broadway,30.100000888873225,49923.49,165858.7658661988
1008160037,84 5 Ave,30.089998303437586,40064.82,133149.9576569363
1013100041,160 East 56 St,30.089993804929666,8890.35,29545.868495803705
1008510041,304 Park Ave South,30.087409353642464,85785.55,285121.0916556183
1012880051,507 Madison Ave,30.085001268968508,109085.33,362590.41182928986
1012910038,430 Park Ave,30.079999339456272,194176.82,645534.6551331073
1008340022,29 West 32 St,30.073000304370723,87131.95,289734.8090251457
1000280012,76 Beaver St,30.064668561939012,53989.23,179577.00045411038
1012850036,300 Park Ave,30.055999945271168,405194.79,1348132.7879219367
1012890014,512 Madison Ave,30.050999940837958,816804.46,2718060.835273569
1009990003,1633 Broadway,30.020001323616068,52087.38,173508.91973153915
1012750012,15 East 40 St,30.00002521431762,5415.1,18050.31816245149
1005630046,57 East 11 St,30.000024087419437,4982.27,16607.553332229905
1008390019,35 West 37 St,30.00002016806052,5742.54,19141.787131575955
1007630049,314 West 40 St,30.00000976429884,13834.42,46114.71832407031
1004960036,71 Spring St,30.00000942452403,15080.89,50269.61754109271
1007760059,236 West 27 St,30.000008394680034,13505.52,45018.38740283474
1008620013,15 East 32 St,30.000008030590163,12508.21,41694.022172413184
1004260029,195 Chrystie St,30.000005701821596,7194.87,23982.895441793626
1008590052,44 East 30 St,30.000004366635974,19513.39,65044.62386579352
1008760001,251 Park Ave South,30.000003836410027,25465.91,84886.35581137112
1017740056,132 East 126 St,30.000003686740456,13209.16,44030.52792236238
1001220001,52 Chambers St,30.00000359582667,38523.06,128410.18460864111
1012620048,16 West 47 St,30.000003434835804,33198.79,110662.62066306896
1008610057,147 Madison Ave,30.000003379700225,39010.06,130033.51868418959
1005100001,63 Prince St,30.000003172541156,30008.26,100027.52275528556
1007670012,249 West 17 St,30.000002801386728,24471.34,81571.12571625771
1007950028,111 West 19 St,30.000002520753316,42742.01,142473.3546953273
1001480010,71 Thomas St,30.000002439845385,22692.83,75642.76051477867
1012730012,37 West 57 St,30.000002327558935,39452.45,131508.15646356717
1008270008,45 West 25 St,30.000002290080086,43825.68,146085.5888484101
1008820076,116 East 27 St,30.00000203889894,23245.43,77484.76140054673
1005450026,740 Broadway,30.000002035604943,31973.49,106578.29276829002
1000290036,1 William St,30.000001747712002,23301.19,77670.62880847033
1008470027,33 East 18 St,30.000001703813012,75027.73,250092.41912964272
1012880069,665 5 Ave,30.000001583684803,58679.62,195598.72300777584
1008220031,154 5 Ave,30.000001517790366,61451.2,204837.32296999617
1008347501,18 West 33 Street,30.00000150943462,80593.26,268644.1864833055
1008570062,72 Madison Ave,30.000001461516963,19871.35,66237.83010640959
1008180051,114 5 Ave,30.000001460867825,96246.94,320823.11771066097
1008260026,19 West 24 St,30.000001277511306,30507.54,101691.79566958605
1019660095,450 West 126 St,30.000001191878496,19578.15,65260.497407247225
1008490063,915 Broadway,30.000001129364502,32359.94,107866.46260598153
1013160030,801 2 Ave,30.000001121004082,84542.91,281809.6894696729
1006020068,435 Hudson St,30.000001090186817,109512.85,365042.82006783766
1013210047,767 3 Ave,30.00000106749821,114604.88,382016.25307327777
1005460026,21 West 4 St,30.00000092084349,4675.99,15586.63285490502
1008000025,119 West 24 St,30.000000906637176,43252.86,144176.19564281672
1008110051,132 West 36 St,30.000000882253147,50944.98,169816.59500595916
1005450015,726 Broadway,30.000000795151553,146356.66,487855.5204026975
1012930014,19 East 57 St,30.0000007276439,96318.73,321062.42554602947
1008680025,261 Madison Ave,30.00000070004676,186438.12,621460.385498289
1005480009,13 University Pl,30.0000006997387,25241.67,84138.89803749189
1000250027,40 Exchange Pl,30.000000645118057,102403.28,341344.25932642183
1009990019,114 West 47 St,30.000000600642903,221081.64,736938.7852454317
1008470040,230 Park Ave South,30.00000058780777,117936.07,393120.22563069593
1007120046,422 West 15 St,30.000000537305855,47289.56,157631.86384344922
1012930016,592 Madison Ave,30.00000052498944,72440.33,241467.76244106583
1013180033,228 East 45 St,30.000000478928975,47054.54,156848.46416269089
1012830021,270 Park Ave,30.00000047620292,90890.51,302968.36185751937
1001550001,2 Lafayette St,30.000000375409897,200167.11,667223.6916505874
1010607502,425 West 50 Street,30.000000353968964,319463.55,1064878.4874355355
1013250001,845 3 Ave,30.00000034757564,162782.32,542607.7270467591
1000717501,18 Fletcher Street,30.00000033344041,138264.4,460881.32821078465
1021240043,3940 Broadway,30.000000321787816,78510.48,261701.59719292048
1007130001,75 9 Ave,30.000000237774298,636591.94,2121973.1165149775
1011027501,775 11 Ave,30.00000023724465,318562.26,1061874.1916025344
1000350010,111 Wall St,30.000000224190725,221271.13,737570.4278214517
1012820017,390 Madison Ave,30.000000222454716,334703.52,1115678.3917270694
1000240001,60 Broad St,30.000000185321866,555725.8,1852419.3218902065
1012880007,10 East 53 St,30.00000018466775,318959.82,1063199.3934553787
1010030005,135 West 50 St,30.000000139596818,217538.36,725127.8632924819
1013070001,Seagram Building,30.00000007325616,598526.78,1995089.261794914
1000240029,30 Broad St,30.00000007294582,105716.77,352389.23247648927
1013160023,235 East 42 St,30.000000056876125,600647.88,2002159.5962041642
1009947501,3 Bryant Park,30.00000004554889,1218932.36,4063107.860497665
1013120041,150 East 58 St,30.000000045110585,322443.4,1074811.3317171545
1000090029,1 Battery Park Plaza,30.000000029255165,559070.55,1863568.4981827002
1013950017,770 Lexington Ave,30.000000007174858,77704.78,259015.93327138657
1012650050,610 5 Ave,30.000000000789772,107064.94,356883.1333239381
1008610049,38 East 32 St,29.999999992478998,31575.18,105250.60002638632
1002160001,388 Greenwich St,29.999999990764948,3649643.15,12165477.170411628
1007310001,460 West 34 St,29.99999997494986,285904.95,953016.5007957733
1012770027,One Vanderbilt,29.99999996082485,1255603.13,4185343.772132048
1000940025,100 Gold St,29.999999954187057,340998.03,1136660.1017357917
1012657501,30 Rockefeller Plaza,29.999999945093624,1733767.47,5779224.91057721
1012820021,383 Madison Ave,29.999999926256017,1050382.71,3501275.7086066008
1012580001,2 Bryant Park,29.99999988976511,50576.72,168589.06728614657
1001210001,1 Centre St,29.999999880002793,960116.46,3200388.212801255
1012880001,655 5 Ave,29.999999877013362,49152.15,163840.5006716731
1007120038,404 West 15 Street,29.999999853455844,134304.24,447680.80218683346
1008010024,119 West 25 St,29.99999982589163,26575.46,88584.86718077888
1007880049,530 7 Ave,29.99999979441519,94855.64,316185.468833431
1012990022,437 Lexington Ave,29.99999978358492,91577.14,305257.1355354083
1000250001,55 Broad St,29.999999768264672,232762.07,775873.5726599105
1010210019,Brill Building,29.99999974128799,116471.39,388237.9700147275
1012690001,1330 6 Ave,29.999999733789938,214180.68,713935.6063352281
1013100001,425 Park Ave,29.99999970838581,299226.2,997420.6763620675
1013160001,675 3 Ave,29.99999970257163,215285.11,717617.0404479889
1005220001,610 Broadway,29.99999970084437,27439.33,91464.43424540335
1000210004,65 Broadway,29.99999969244525,258168.54,860561.8088223292
1013120015,702 Lexington Ave,29.999999682338746,112803.22,376010.73731480143
1008760006,257 Park Ave South,29.999999669915788,87249.12,290830.4031999508
1000290001,85 Broad St,29.999999654355197,423470.23,1411567.4495966984
1007570054,330 West 34 St,29.999999637788022,140625.04,468750.1389928972
1012910001,711 5 Ave,29.999999634783954,225390.24,751300.809146237
1008150021,109 West 39 St,29.99999956046397,244129.72,813765.7452559789
1016080069,1216 5 Ave,29.999999535409465,55409.12,184697.06952695033
1001270018,255 Greenwich St,29.99999950867183,216801.3,722671.0118356207
1001540023,14 Reade St,29.99999948532381,50170.01,167233.36953570112
1013050033,818 3 Ave,29.999999453587655,112678.19,375593.9735076395
1008150046,1430 Broadway,29.999999383980043,222387.24,741290.8152216645
1000100023,1 Whitehall St,29.999999367337566,174994.36,583314.5456347066
1013170021,815 2 Ave,29.999999358879094,107861.84,359539.4743502758
1012610021,25 West 45 St,29.99999934152724,69525.79,231752.63842009328
1008417502,24 West 40 Street,29.99999932155489,23700.47,79001.56845327427
1008500001,149 5 Ave,29.999999288152623,57071.6,190238.67118069663
1014830001,1334 York Ave,29.999999230866564,191334.76,637782.5496846628
1000090014,17 State St,29.99999922763894,187498.22,624994.0827573697
1001530001,280 Broadway,29.999999217045193,82420.76,274735.8738368591
1010290053,1784 Broadway,29.99999921475552,108231.71,360772.3761098173
1012870033,350 Park Ave,29.999999170042102,170660.85,568869.515737925
1012900037,410 Park Ave,29.99999916877111,58549.07,195163.5720741866
1007120036,61 9 Ave,29.99999915335777,165892.17,552973.9156057023
1012870052,485 Madison Ave,29.999999065790657,62092.38,206974.6064452537
1005590016,124 East 14 St,29.999999022981612,107464.57,358215.2449994294
1012900001,689 5 Ave,29.999999009751466,59199.85,197332.83984695183
1000400003,60 Wall St,29.99999899808011,118290.26,394300.8798352631
1007800036,Penn Station,29.999998862382665,108655.66,362185.5470676186
1012770069,511 5 Ave,29.99999869667186,47601.8,158672.67356008536
1012950023,355 Lexington Ave,29.99999864214285,76527.47,255091.57821259744
1001530024,23 Chambers St,29.999998627928665,92313.18,307710.6140733638
1008410054,8 West 40 St,29.999998367694257,67361.16,224537.21221711268
1007800071,254 West 31 St,29.999998291203312,20187.43,67291.43716624616
1013747501,41 East 59 Street,29.999998209404517,60783.72,202612.412093229
1007780048,214 West 29 St,29.999998065450484,24716.09,82386.97197938923
1008610015,134 Madison Ave,29.99999801605653,52478.1,174927.01156817676
1008040044,104 West 29 St,29.999997939506468,44160.35,147201.17677690243
1004960040,75 Spring St,29.999997748440038,14912.22,49707.40373064
1012720034,720 5 Ave,29.999997545506083,43744.23,145814.11192999504
1008200038,130 5 Ave,29.999997213869662,39720.52,132401.74562961733
1010250054,244 West 54 St,29.999997115373738,30350.68,101168.943061153
1008510001,Flatiron Building,29.999996730649258,18578.1,61927.00674870351
1008590024,99 Madison Ave,29.99999664858618,37417.08,124723.61393334813
1007850041,470 7 Ave,29.999995927324104,34712.97,115709.91570829951
1013090066,110 East 55 St,29.999995590366886,25261.29,84204.31237700414
1008260065,40 West 25 St,29.999995165685473,25498.13,84993.78036288891
1008400023,29 West 38 St,29.9999944498557,16436.49,54788.31013610092
1007990028,119 West 23 St,29.999994116836685,15397.35,51324.51006501582
1007990012,155 West 23 St,29.999993436795176,11608.44,38694.808465398455
1009980012,145 West 45 St,29.999991328533877,14181.33,47271.11366366203
1012600064,56 West 45 St,29.999991201659554,8154.49,27181.641305111138
1009990009,151 West 46 St,29.999989387470173,10132.47,33774.91194790868
1008010055,122 West 26 St,29.999987818891054,8489.55,28298.51149024171
1019097501,114 West 125 Street,29.99998531402417,7218.42,24061.41177884373
1022150824,4116 9 Ave,29.999954549592445,3189.34,10631.149439669161
1007850067,242 West 36 St,29.99666447085703,51594.56,172000.99047721186
1007970037,675 6 Ave,29.98666717451205,185720.99,619345.220724824
1010220043,1631 Broadway,29.967538420034717,1504915.22,5021817.938152348
1012670001,1290 6 Ave,29.953885526290016,1313671.05,4385644.890199682
1000660001,Federal Reserve Bank of New York,29.949053650815088,752601.01,2512937.533101375
1010140033,3 Times Square,29.92666676704447,320701.75,1071625.358401624
1013010001,245 Park Ave,29.918217546183307,983830.6,3288399.7801049086
1012940001,General Motors Building,29.895121626378945,1651643.67,5524793.277785556
1010280056,956 8 Ave,29.889649920345303,204488.11,684143.5431493927
1010090005,152 West 57 St,29.888472594413013,199838.87,668615.1972762751
1008630060,183 Madison Ave,29.81666708108463,42324.21,141948.15901087088
1010010029,1221 6 Ave,29.727692341356164,1393833.34,4688669.823392063
1007890009,257 West 39 Street,29.703332988637904,80100.93,269669.8381647613
1005540001,770 Broadway,29.669957726264396,412598.97,1390628.7761062759
1010270020,1740 Broadway,29.667363304002425,191768.94,646396.9785077882
1013280001,909 3 Ave,29.661719789315015,406631.13,1370895.32531583
1012600024,19 West 44 St,29.650222153690365,81980.74,276492.83561875916
1012750001,461 5 Ave,29.64868262205132,53550.37,180616.35548073798
1008130031,1001 6 Ave,29.595666949406734,134438.99,454252.2735839035
1002260001,431 Canal St,29.595051669651646,350740.2,1185131.2304335926
1009990029,1185 6 Ave,29.55469070420598,431107.61,1458677.4543326495
1004770011,101 6 Ave,29.55169109121404,379721.81,1284941.0506760962
1000480001,140 Broadway,29.459909096093945,307181.58,1042710.5494386229
1007050039,50 Hudson Yards,29.439260478278495,697245.77,2368421.4843455623
1013000033,730 3 Ave,29.43574178576312,302678.19,1028267.5809664604
1012680001,51 West 52 St,29.423036688528043,431180.29,1465451.3555635675
1005630001,83 University Pl,29.383334312950538,80950.25,275497.15474026935
1013290001,919 3 Ave,29.325947656150237,639147.7,2179461.3681169753
1012760042,60 East 42 St,29.26908099033674,717598.87,2451730.1046688724
1000220020,42 Broadway,29.226666325062357,130340.02,445962.6648839908
1012940046,625 Madison Ave,29.223553396714763,236203.88,808265.4316314369
1007027501,30 Hudson Yards,29.195413768549113,3519762.03,12055873.083024016
1008880027,145 East 32 St,29.174334557397653,43319.43,148484.7234982284
1007670054,218 West 18 St,29.032822044671065,61894.56,213188.23194233942
1010160036,1 Astor Plaza,29.012781825678452,778226.81,2682358.46764343
1012900056,540 Madison Ave,28.975667073070017,241096.13,832064.1226033231
1007880004,580 8 Ave,28.963341852794887,7052.97,24351.368139237726
1012960001,125 Park Ave,28.950519518285734,198690.16,686309.480126957
1008110021,1333 Broadway,28.94902114560137,70675.64,244138.2720491008
1007880066,234 West 39 St,28.91166866692785,13329.87,46105.50208486611
1008250017,43 West 23 St,28.838673296977856,17469.24,60575.740846686895
1013030033,776 3 Ave,28.81666536769011,94364.76,327465.9256924428
1007630018,333 West 39 St,28.78866917204666,20712.05,71945.14576627624
1012750027,100 Park Ave,28.76009610984682,294685.57,1024633.4674073157
1005110008,584 Broadway,28.61666412324456,25870.02,90401.94163996377
1008630027,169 Madison Ave,28.596669460067663,49557.65,173298.67755824578
1000750021,40 Fulton St,28.58666645119375,45249.12,158287.50119309712
1000880010,28 Vesey St,28.576666115095893,45108.57,157851.05868655187
1007680050,220 West 19 St,28.52966295947439,32040.48,112305.8482867906
1012770014,330 Madison Ave,28.511180993748464,312511.39,1096101.1754249085
1013090032,900 3 Ave,28.502523447010987,158223.8,555122.0764510683
1010260055,250 West 55 St,28.472414745140224,361804.52,1270719.4779176717
1008110031,1350 Broadway,28.446509815482084,74239.71,260980.03052590607
1000100014,33 Whitehall St,28.405261026959277,122641.52,431756.3562735847
1008370023,29 West 35 St,28.3499998912844,29719.82,104831.81698048867
1008230073,56 West 22 St,28.24667384529046,4323.64,15306.72256734
1007050001,55 Hudson Yards,28.23353670729104,569268.22,2016283.775928759
1008080040,100 West 33 St,28.215450960315973,170821.43,605418.0393581312
1013060042,154 East 52 St,28.2026664418687,126151.9,447304.86835357966
1008810029,137 East 25 St,28.193333230392128,12624.27,44777.500754650624
1005100038,Puck Building,28.187450347992232,22702.87,80542.47446902236
1012830058,18 East 48 St,28.151667258486402,88033.09,312710.04019650794
1007297504,391 9 Ave,28.118095977762884,597167.91,2123785.0189865935
1007860051,498 7 Ave,28.093312989391244,180256.09,641633.4380643156
1000160125,2 World Financial Center,28.053465368926368,1284794.88,4579808.102506696
1007840064,240 West 35 St,28.05333605813712,40434.26,144133.51736921744
1000430005,30 Wall St,27.922333031228032,106579.78,381700.84097486536
1008110056,142 West 36 St,27.91667141541524,18802.29,67351.47511038014
1000700043,160 Water Street,27.91604600113124,19866.45,71164.98518162261
1012750064,10 East 41 St,27.867665905242294,65269.37,234211.82894159044
1008580022,79 Madison Ave,27.863336785394,36894.13,132411.0255859232
1007800010,251 West 30 St,27.85667515386355,12407.6,44540.85037596148
1008380048,402 5 Ave,27.836680208613128,9139.44,32832.363383519085
1006460019,860 Washington St,27.826666369430892,55026.27,197746.54020522325
1007620033,575 8 Ave,27.816667407160146,72070.43,259090.81395368275
1007870011,247 West 37 St,27.814667512262698,58724.55,211127.99559480627
1007870059,230 West 38 St,27.745668716401134,40331.17,145360.23770859512
1008050022,129 West 29 Street,27.686665690909628,21773.04,78640.88887795813
1005770034,8 West 14 St,27.66666641100082,21548.16,77884.91638238
1012870028,41 East 51 St,27.653105493468804,148170.03,535816.9628904618
1007760001,322 8 Ave,27.612666398905787,56132.75,203286.23534243106
1008360026,7 West 34 St,27.61100108412997,100079.37,362461.93933737086
1012940037,500 Park Tower,27.60666612511247,170546.87,617774.2333213559
1001940042,60 Walker St,27.55666705869837,35538.14,128963.85446142785
1000210001,61 Broadway,27.524703668053828,262007.81,951900.5659781026
1012770008,5 East 42 St,27.51866729131963,199686.78,725641.1725395885
1012760004,487 5 Ave,27.51766657283914,128382.91,466547.22579827404
1008030007,153 West 27 St,27.502669008323423,22765.4,82775.23898902419
1007610033,545 8 Ave,27.476667868363425,33472.17,121820.33920692319
1012830069,589 5 Ave,27.466668785902513,53989.13,196562.35133876282
1012670022,Time Warner Building,27.466665570215334,98487.61,358571.4099450037
1007860013,255 West 36 St,27.46666502464906,34908.9,127095.51730678679
1012670034,640 5 Ave,27.406665871212315,97600.4,356119.2027466518
1012930069,745 5 Ave,27.40094669422338,166335.78,607043.916606964
1013240001,1166 6 Ave,27.366666957566814,87014.27,317957.134257231
1012970033,6 Grand Central,27.35866645455155,341874.25,1249601.293863955
1012750050,295 Madison Ave,27.344666098425236,63036.3,230525.0309991177
1017550033,1916 Park Ave,27.335666090306848,28094.26,102775.10673120985
1000747501,186 Front Street,27.32333296981599,214810.86,786181.0279049813
1012910010,Sony Tower,27.31666676643346,231004.91,845655.5551787061
1013940001,505 Park Ave,27.30666595522104,70767.58,259158.6249161598
1012860043,34 East 51 St,27.306664691869624,36294.13,132913.08334264025
1009960001,1500 Broadway,27.30333355384577,353197.88,1293607.168162991
1013087501,139 East 53 Street,27.291201061244962,551111.72,2019375.1046838667
1007870076,262 West 38 St,27.279673896527694,9703.32,35569.780037711855
1008300062,1195 Broadway,27.26667141006402,8774.97,32182.03596630131
1000650007,15 Maiden Ln,27.22666862436237,61060.76,224268.20130819437
1010650012,423 West 55 St,27.20733451257482,111436.59,409582.9010684442
1008180066,26 West 17 St,27.205662442510864,22094.36,81212.35807688301
1008177502,98 5 Ave,27.186666782006863,112322.55,413153.07573615166
1010130029,5 Times Square,27.176722035753752,237038.79,872212.5857862891
1007880011,263 West 38 St,27.1766670860658,38906.73,143162.25708173212
1008130055,1385 Broadway,27.136666795852264,98854.97,364285.6019999833
1013377502,1 United Nations Plaza,27.0966665551285,250803.06,925586.3982004505
1012580034,Salmon Tower Building,27.09666655184989,343758.67,1268638.2265590215
1008050094,144 West 30 St,27.09532451240847,10580.84,39050.42729846044
1008270028,1121 Broadway,27.08766919134019,41169.43,151985.87116960838
1000200001,29 Broadway,27.085333347977457,129034.29,476399.1210380852
1008050039,115 West 29 St,27.044670991519197,8603.46,31812.034255095634
1008610072,6 East 32 St,27.023330329499036,31742.75,117464.24150153389
1007819002,2 Penn Plaza,26.986916601045056,693926.64,2571344.6640033266
1008260046,1115 Broadway,26.986666438314465,46436.53,172072.12349159023
1010350001,630 9 Ave,26.95201424033368,108738.31,403451.51583243517
1008210041,148 5 Ave,26.89666403346861,40803.32,151704.01782625078
1008610044,462 Park Ave South,26.89633490350981,36638.93,136222.76095029898
1007590031,315 West 35 St,26.893322879991686,10524.29,39133.46835927793
1012950017,354 Lexington Ave,26.880886013966375,89144.75,331628.76384983544
1005120015,591 Broadway,26.866678441188647,3650.98,13589.249627534055
1010080019,127 West 55 St,26.856126368743116,312296.81,1162851.2828397735
1009270055,374 2 Ave,26.854664985322387,53407.38,198875.61445726542
1008250012,49 West 23 St,26.83666859890655,70316.9,262017.99131977593
1012760058,300 Madison Ave,26.81354764643769,570604.29,2128044.738890818
1007790017,231 West 29 St,26.806663464775404,21738.27,81092.78511503158
1013147502,211 East 40 Street,26.793333687238057,267810.02,999539.747932004
1009950033,Bank of America Tower,26.786666678911473,1287826.4,4807714.283516567
1010000029,1211 6 Ave,26.766049951747988,1010365.07,3774800.808566887
1013070023,599 Lexington Ave,26.744666700209358,451224.41,1687156.602316034
1007890075,264 West 40 St,26.736668523062264,32767.7,122557.1539391138
1008070028,119 West 31 St,26.733334286515692,69802.25,261105.66400693342
1007880037,209 West 38 St,26.72166874420619,42820.02,160244.55811459853
1008130023,1372 Broadway,26.715666380165082,222131.52,831465.3912766349
1000510001,101 Greenwich St,26.709332968485455,155408.18,581849.7234033035
1000130027,Cunard Building,26.673340832105737,472601.79,1771813.2609438496
1006910043,516 West 20 St,26.66678802034803,876.46,3286.7100429613765
1008440003,87 5 Ave,26.66667893530133,10144.78,38042.907497454995
1008440042,91 5 Ave,26.666673576914278,10793.54,40475.76451134169
1018840001,2880 Broadway,26.666672910843587,13122.01,49207.525977731326
1005110006,575 Broadway,26.66667147123715,19195.23,71982.09953088484
1005290072,65 Bleecker St,26.666670873888183,29202.16,109508.08272282143
1000130001,1 Broadway,26.666670135963866,35324.46,132466.7077662608
1012900044,66 East 55 St,26.66666993248749,32581.12,122179.18503692525
1011130051,16 West 61 St,26.666669704935696,25688.52,96331.93902441199
1006970023,511 West 25 St,26.666669579064827,19980.81,74928.02931674045
1012640040,608 5 Ave,26.666669056328168,53145.51,199295.64464065767
1006960065,210 11 Ave,26.666668926728747,27631.87,103619.50371800583
1008380076,48 West 37 St,26.666668775819662,53822.46,201834.209036279
1004980009,Scholastic Building,26.6666686748251,57570.05,215887.67124237574
1013130014,722 Lexington Ave,26.666668665816147,51009.09,191284.07315979543
1010090050,140 West 57 St,26.666668476827017,22315.92,83684.69431939817
1008240028,40 West 23 St,26.666668303912804,59735.81,224009.27374656306
1006460001,40 10 Ave,26.666668265770742,57717.35,216440.0495208688
1005230044,194 Mercer St,26.66666825985961,29560.2,110850.74337725167
1008690064,16 East 40 St,26.666668240239762,15055.47,56458.00916846984
1012630007,55 West 47 St,26.666668200094385,18403.32,69012.4460315401
1012900006,3 East 54 St,26.666668101615326,44002.13,165007.97862082583
1012610034,546 5 Ave,26.66666795585843,79843.51,299413.1480249638
1008120006,491 7 Ave,26.666667830458728,64607.81,242279.27692639877
1013750016,652 Madison Ave,26.666667730615206,53539.54,200773.2669895341
1000330001,77 Water St,26.666667011006606,224049.39,840185.2016509005
1008320001,856 6 Ave,26.666666950514124,26594.12,99727.94893846782
1008800084,104 East 25 St,26.66666694408703,28646.29,107423.58638244412
1011050036,600 West 58 St,26.66666686663895,77326.04,289972.6478255065
1000230019,New York Stock Exchange,26.666666787134492,621543.38,2330787.6644705655
1008950001,99 Park Ave,26.66666673008421,363826.6,1364349.7467553609
1000160260,Goldman Sachs Tower,26.666666684694263,1107356.99,4152588.7096927054
1005220010,632 Broadway,26.66666666594254,33164.35,124366.31250337714
1007670015,245 West 17 St,26.666666596729787,53984.68,202442.5505309325
1008150001,1411 Broadway,26.666666533674054,430346.42,1613799.0830483758
1012760033,118 Park Ave,26.66666652751864,450804.39,1690516.4713212012
1007780036,322-326 7 Ave,26.666666427194453,43699.98,163874.92647163096
1009930022,115 West 40 St,26.66666632031886,66545.94,249547.2782411307
1007870040,500 7 Ave,26.666666137181632,104412.31,391546.1702744189
1004740030,483 Broadway,26.666665901957188,5624.6,21092.25060485415
1008480061,894 Broadway,26.666665821156734,28744.57,107792.14091772473
1008230055,20 West 22 St,26.666665775107102,47082.86,176560.73090304033
1008830001,387 Park Ave South,26.66666575427703,44694.13,167602.99323447127
1012620024,21 West 46 St,26.66666570927668,15858.69,59470.08963510257
1012630038,590 5 Ave,26.66666568698227,68633.53,257375.74695551262
1012630061,48 West 48 St,26.666665593704213,72469.56,271760.860934595
1008720013,33 Irving Place,26.666665550988345,86852.93,325698.5011265534
1000290073,44 Beaver St,26.666665517848838,85996.39,322486.476392933
1008480043,242 Park Ave South,26.66666543691662,67302.29,252383.59913882782
1007870044,512 7 Ave,26.666665425722293,84596.16,317235.61476269073
1009690001,650 1 Ave,26.666665410318615,44186.13,165697.99530653827
1017750033,2322 3 Ave,26.666665389493417,37728.87,141483.26927619928
1008630067,178 Madison Ave,26.666664457509924,52224.32,195841.21622414785
1008600001,285 5 Ave,26.666664397216934,51018.61,191319.8037821504
1008420042,71 5 Ave,26.666663873552537,37010.14,138788.0395369063
1007940030,615 6 Ave,26.666663707692766,43469.25,163009.7055878049
1006970056,536 West 26 St,26.66666298541286,27425.91,102847.17669774604
1008800014,121 East 24 St,26.66666286449112,12719.37,47697.64430080564
1008120069,148 West 37 St,26.666661281213162,20212.23,75795.87780731909
1005310020,383 Lafayette St,26.666660140243266,12752.3,47821.136703786964
1005450053,400 Lafayette St,26.666657590455635,12531.93,46994.75349503626
1008580006,3 East 28 St,26.6666548580949,6732.51,25246.92367987913
1013120024,145 East 57 St,26.666648561343237,7198.57,26994.65582801155
1001440040,56 Hudson St,26.634333370225434,1393665.3,5232589.3823871
1012950040,630 3 Ave,26.521333941277586,83521.38,314921.4899406248
1000680007,83 Maiden Ln,26.510333614468106,116314.13,438750.15566202137
1013010033,750 3 Ave,26.499587657714628,231871.46,875000.2565888868
1009940001,Times Square Tower,26.45062551231855,247536.02,935841.8381626471
1008810001,351 Park Ave South,26.433334388022285,89045.9,336869.7217417614
1007587501,333 West 34 Street,26.397189105583287,122338.21,463451.6558209002
1013060001,345 Park Ave,26.39598590090582,1418992.65,5375789.543633999
1012920052,575 Madison Ave,26.293332826262883,127527.05,485016.68024610647
1011130008,27 West 60 St,26.23333673584814,11889.37,45321.60784469727
1019670040,1361 Amsterdam Ave,26.174331783941312,14161.51,54104.571291055785
1006990005,547 West 27 Street,26.16332614353793,13035.51,49823.59631372648
1007850001,500 8 Ave,26.0773362189547,41576.42,159435.07285755497
1001550003,52 Duane St,26.003336620718237,31355.68,120583.29458773098
1008330057,22 West 32 St,25.983331690801187,35979.33,138470.81054943264
1008820085,381 Park Ave South,25.966334617001475,48104.84,185258.4922344154
1008190010,47 West 17 St,25.943333720220156,46689.62,179967.69614696916
1013740014,650 Madison Ave,25.909452136179507,132198.09,510231.1284127884
1007850018,237 West 35 St,25.903334997674605,32444.04,125250.43591071408
1007950044,641 6 Ave,25.903331694625166,65322.22,252176.90438467456
1008690054,273 Madison Ave,25.900333777806782,146014.16,563753.9703257227
1011020018,619 West 54 St,25.8933339275838,152040.8,587181.2429608884
1013607501,860 1 Ave,25.8833331050965,447780.62,1729995.9714687236
1008140046,108 West 39 St,25.873331176315094,48249.62,186483.9887496534
1008360033,1 West 34 St,25.843328911967262,6701.19,25930.05731895817
1000240036,50 Broad St,25.841332245948546,102303.42,395890.6569766322
1012820001,563 5 Ave,25.83833371472526,267628.92,1035782.4268191039
1000220017,32 Broadway,25.833332562190336,171425.38,663582.1359374213
1000090001,1 State St,25.823333395759057,370739.43,1435676.1163176794
1008120049,1372 Broadway,25.796333432623754,46395.52,179853.15673321678
1006020036,611 Washington St,25.793328783144343,23874.02,92558.89459138524
1012910021,551 Madison Ave,25.783330774243673,29456.32,114245.59634252323
1008210032,11 West 19 St,25.773845816133935,57916.88,224711.82769218378
1008690016,266 Madison Ave,25.772332872750138,87416.46,339187.2223271959
1000770008,110 William St,25.753466088006014,286444.29,1112255.2941850561
1005800039,348 Hudson St,25.744334740610835,72627.92,282112.24229240563
1009030047,220 East 23 St,25.73333155097121,30234.36,117491.04440718604
1019300030,2082 Adam C Powell Blvd,25.712331530704603,61912.68,240789.83240421602
1012630067,64 West 48 St,25.68833420664443,63561.62,247433.79422227945
1008070039,875 6 Ave,25.663336757906436,29561.03,115187.78823994019
1012950020,363 Lexington Ave,25.623335930421927,39018.87,152278.64984462818
1008360035,358 5 Ave,25.583334573421368,24848.71,97128.50343526143
1001250020,Woolworth Building,25.57051430148322,275747.28,1078379.8743696183
1008580049,38 East 29 St,25.560009244519094,7483.48,29278.080177551987
1013110040,950 3 Ave,25.55333350105744,311112.63,1217503.109671095
1000380017,88 Pine St,25.513333168544865,477245.12,1870571.4257217897
1007850011,253 West 35 St,25.477330361685013,32286.53,126726.50368641152
1010040029,1285 6 Ave,25.47473795880681,566879.06,2225259.6313911276
1008690020,271 Madison Ave,25.47333210218916,17154.58,67343.29035236717
1012900052,545 Madison Ave,25.445332847548507,96710.86,380073.0789391794
1005107502,35 East Houston Street,25.38333215850469,73686.22,290293.72321912204
1001240004,11 Park Pl,25.35333161385112,52229.32,206005.74628805745
1010867502,540 West 58 Street,25.33170868718606,298104.21,1176802.613993405
1019310021,215 West 125 St,25.331334331357823,77410.6,305592.2715613639
1008630029,33 East 33 St,25.323340063291173,18305.52,72287.14677545939
1007790039,350 7 Ave,25.315335665364618,10581.54,41798.93223567729
1001500031,299 Broadway,25.309333490766317,60676.78,239740.72656688842
1005640007,113 University Pl,25.283325380013366,8956.87,35425.996641567035
1008190044,126 5 Ave,25.27533556051505,28309.55,112004.64552575507
1007850007,261 West 35 St,25.26433671044822,19247.34,76183.83265150255
1012980023,425 Lexington Ave,25.26353818749155,217246.65,859921.7116293032
1008410049,452 5 Ave,25.256231402995866,243480.03,964039.4329421556
1008410020,25 West 39 St,25.23133370178018,185716.36,736054.471773313
1008370048,386 5 Ave,25.187333031604826,78894.2,313229.6694572796
1007870025,225 West 37 St,25.161331257442825,43708.98,173714.89430659876
1008470062,881 Broadway,25.123333421078964,51646.12,205570.33230577558
1005770039,80 5 Ave,25.08533032629038,32336.36,128905.45820762133
1010280033,894 7 Ave,25.082332047749333,79829.34,318269.2097689663
1008060058,128 West 31 St,25.062336216147163,98272.64,392112.84675322846
1008440001,85 5 Ave,25.04333363333402,21668.78,86525.1420488113
1005970055,333 Hudson St,25.04333304769324,57305.32,228824.65321555285
1008830088,401 Park Ave South,25.033334857682828,74788.32,298754.921887873
1007840077,494 8 Ave,25.013335265683374,18788.03,75112.05443192505
1008590048,434 Park Ave South,24.983334957120697,48017.63,192198.63994303977
1008330018,39 West 31 St,24.980331581604307,19371.58,77547.32933275141
1008580078,259 5 Ave,24.973332833028252,71806.19,287531.46598452167
1005780067,119 Varick St,24.972335427239123,44633.35,178731.18087031296
1012920015,590 Madison Ave,24.95933321916797,497690.08,1994003.908797491
1017230010,55 West 125 St,24.944333453184363,87094.48,349155.37095212145
1000640012,150 Broadway,24.93333380235091,78366.66,314304.7801839118
1013060023,575 Lexington Ave,24.933333247962207,161375.1,647226.339114483
1008120019,135 West 36 St,24.913333299596665,26356.85,105794.15320721737
1008390009,49 West 37 St,24.89333050960665,43142.34,173308.8305855692
1012817501,11 East 45 Street,24.883334125587805,65008.82,261254.45919705238
1008590039,424 Park Ave South,24.879334476208275,64727.71,260166.5653954615
1013157501,767 2 Ave,24.873350614810143,271909.09,1093174.354395581
1018080008,413 East 120 Street,24.863338973699044,4828.82,19421.44619074705
1008780065,120 East 23 St,24.8633319452239,40367.98,162359.49425014394
1000630003,22 Cortlandt St,24.844333233778475,308873.8,1243236.423749355
1001247502,2 Manhattan West,24.84333310598455,438504.47,1765079.0581492784
1008120022,1359 Broadway,24.808333448970473,197817.4,797382.8649429462
1007600043,531 8 Ave,24.807326198680222,17209.07,69370.91834151615
1000160150,4 World Financial Center,24.792027682503303,889681.79,3588580.17340745
1007600063,336 West 37 St,24.785335119807364,26822.49,108219.19441615551
1008410008,51 West 39 Street,24.783330153163067,33932.69,136917.39483876104
1007540078,21 Penn Plaza,24.76933411656593,99126.36,400197.9202731312
1010100021,119 West 57 St,24.76333241023435,51620.42,208455.062286633
1012610016,45 West 45 St,24.76333209668587,54072.0,218355.10580273072
1013740045,28 East 60 St,24.760332971035652,44210.14,178552.2838150703
1007637502,323 West 39 Street,24.703335661708913,6447.76,26100.76666688486
1008230029,15 West 21 St,24.703332342728352,48087.34,194659.32503699217
1008367502,902 6 Ave,24.694226675358838,59640.62,241516.45153363908
1004730001,462 Broadway,24.693330134066997,20751.19,84035.60753991456
1007880078,260 West 39 St,24.684331236972056,18084.92,73264.77604915827
1011397502,1993 Broadway,24.68333424050988,73889.72,299350.64396095
1012950058,364 Lexington Ave,24.683333392661943,119391.08,483691.07243632467
1002250008,205 Hudson St,24.672333337699964,116942.69,473983.09839348897
1007940025,125 West 18 St,24.657335129429395,44187.18,179205.01046871464
1012760051,315 Madison Ave,24.657330272600426,26356.57,106891.41812440171
1013757502,13 East 60 Street,24.633333197549803,72736.74,295277.7012216718
1008390029,13 West 37 St,24.60233497236491,20647.48,83924.87958233523
1007870072,256 West 38 St,24.600009304987488,9559.5,38859.741398804574
1008610003,307 5 Ave,24.593343125664376,9445.16,38405.35201634912
1008887503,101 East 32 Street,24.593333197348322,211133.13,858497.4159694815
1007627503,307 West 38 Street,24.54333451525985,89226.05,363544.9369951079
1008670001,411 5 Ave,24.53333195542162,58845.49,239859.3477108018
1001510032,305 Broadway,24.52533493501894,44983.11,183414.86515550115
1007830070,1 Penn Plaza,24.501187326409344,1538901.09,6280924.550710443
1012830017,400 Madison Ave,24.49333606582692,39165.12,159901.12532952643
1000100016,90 Broad St,24.49233269406713,168464.77,687826.5623135514
1005207503,51 King Street,24.463333114022507,116120.5,474671.62164193863
1000430002,40 Wall St,24.45133311049232,415855.19,1700746.4914931457
1007840019,225 West 34 St,24.446333398013437,185825.64,760137.0601249372
1007880073,250 West 39 St,24.443335506509946,32959.11,134838.8397779103
1008400071,42 West 39 St,24.443332306282002,55285.99,226180.24951447127
1000440001,28 Liberty St,24.434333200472672,967165.9,3958225.060061351
1008730067,215 Park Ave South,24.433335527952714,53887.93,220550.8533141128
1010120015,230 West 41 St,24.413333372004452,144405.37,591502.0607779609
1008600049,36 East 31 St,24.40333537761231,29547.09,121078.0802820363
1013040033,800 3 Ave,24.403333400757393,322049.53,1319694.8331247433
1007620019,325 West 38 St,24.39233613427347,27137.19,111252.93555572873
1000160140,3 World Financial Center,24.379730281864212,655602.58,2689129.750084622
1005220012,636 Broadway,24.37432984177617,24020.71,98549.21204368833
1012600001,1140 6 Ave,24.35433277172086,132873.28,545583.7416916895
1007790057,224 West 30 St,24.33333221463622,21471.02,88237.07254974898
1008120016,141 West 36 St,24.323327137754475,10591.78,43545.76962277305
1012960014,374 Lexington Ave,24.319333489646937,524708.14,2157576.153241927
1007590037,501 8 Ave,24.313333478148856,58369.64,240072.55135318486
1012790069,545 5 Ave,24.30333424122193,111105.01,457159.53579550417
1012990027,2 Grand Central Tower,24.29601626963982,300565.75,1237098.8999360583
1008220052,18 West 21 St,24.27332036935202,9326.5,38422.84392116303
1010127502,570 7 Ave,24.2633331784093,31262.78,128847.83706394942
1008110001,463 7 Ave,24.258333896358415,195160.0,804507.0235812725
1007840068,248 West 35 St,24.251331952166343,12746.21,52558.80388401263
1007620042,589 8 Ave,24.23732983202406,22137.6,91336.79391840535
1012790001,531 5 Ave,24.232333786849665,218837.76,903081.6508427194
1008390073,48 West 38 St,24.229336182481394,32397.32,133711.13329726434
1013027501,101 East 47 Street,24.220511108944162,392704.99,1621373.6705786597
1004820016,72 Spring St,24.213332447424943,23453.69,96862.71004177399
1012627502,44 West 47 Street,24.203332860860577,116871.14,482872.0931611586
1008140015,1407 Broadway,24.200333181118026,665534.27,2750103.748651171
1004830017,524 Broadway,24.18133331830436,57044.83,235904.4029917871
1006900012,555 West 18 St,24.169094346129707,108942.71,450752.1400670333
1008120063,134 West 37 St,24.166334432946147,21526.09,89074.70042561903
1012790009,7 East 44 St,24.141334286102435,81240.67,336521.04327459744
1007610053,330 West 38 St,24.140330277346504,4774.13,19776.57283537701
1012607503,530 5 Ave,24.133332448490606,86305.36,357618.90813963354
1007750058,226 West 26 St,24.12333408487429,15527.53,64367.26343617654
1005110012,592 Broadway,24.12333093671159,47425.05,196594.1192964657
1008150039,110 West 40 St,24.123329077724268,26706.52,110708.26880466129
1000380001,100 Wall St,24.115332305124802,108607.5,450367.00562869536
1010297501,970 8 Ave,24.09333268559269,187162.22,776821.631288556
1012730022,Solow Building,24.090333225569275,936308.7,3886657.321145769
1006920015,529 West 20 St,24.08433729385751,25216.71,104701.69759012341
1012890021,515 Madison Ave,24.073333212390533,84720.14,351925.2579297768
1008510035,286 Park Ave South,24.07233067362172,38317.47,159176.40264882203
1008820003,369 Park Ave South,24.06900325984812,31082.77,129140.24591891695
1008390055,8 West 38 Street,24.051330188554605,26624.64,110699.24112833462
1010280029,888 7 Ave,24.043333720973344,275144.42,1144368.8433271945
1001347501,257 Broadway,24.033334085793832,86700.69,360751.81949577696
1010000001,701 7 Ave,24.03333330636785,217594.58,905386.6029575943
1008280033,1140 Broadway,24.023329765413504,24678.46,102727.05840940372
1008340048,330 5 Ave,24.01633141053045,63325.42,263676.49129056267
1005630031,817 Broadway,24.01333542759728,55164.0,229722.35642285194
1007640001,80 8 Ave,24.010330788380383,36480.37,151936.14082840708
1012840002,597 5 Ave,24.01000345964942,7050.17,29363.469321644752
1013130004,499 Park Ave,24.006989622493506,128103.45,533608.9697809201
1008290068,44 West 28 St,23.963335765957627,39551.64,165050.64397665017
1012880056,510 Madison Ave,23.960334087991605,122958.54,513175.398758835
1007610037,555 8 Ave,23.95733433137562,19438.24,81136.906682238
1008670018,18 East 38 Street,23.949329052616278,27962.87,116758.46926052099
1000780004,123 William St,23.945333151852243,202092.66,843975.1442103763
1019107501,125 West 125 Street,23.943333181996497,91568.45,382438.18980413413
1008710068,33 Irving Place,23.93633492981066,45300.85,189255.5820798683
1012630034,580 5 Ave,23.93233308397754,181691.35,759187.7873438114
1012900036,400 Park Ave,23.927333957546388,56688.15,236917.95375356165
1007860068,240 West 37 St,23.9033301688476,19236.72,80477.15470654615
1013377501,304 East 45 Street,23.873331834935474,71876.59,301074.8164393965
1007860001,520 8 Ave,23.861333941757746,174721.31,732236.1374534669
1012830001,579 5 Ave,23.85733204222604,91094.73,381831.1697165794
1012990033,10 Grand Central,23.834333552326527,190593.98,799661.4614021615
1008140001,525 7 Ave,23.821332250605508,97137.58,407775.5978468874
1004860011,84 Wooster St,23.809999530590016,6071.83,25501.1764792317
1007850029,213 West 35 St,23.801334088110487,43564.17,183032.47136790399
1007850025,225 West 35 St,23.801332451856844,20175.8,84767.52316623348
1008610001,303 5 Ave,23.79333208531633,65496.52,275272.5837858587
1019090012,132 West 125 St,23.792334817167227,32480.03,136514.68109201378
1008270049,1129 Broadway,23.789333663860575,79463.57,334030.2470124105
1007840041,450 7 Ave,23.783333000397562,157040.38,660295.9307569503
1005190070,180 Varick St,23.7793326002676,85730.78,360526.4346192593
1001500038,291 Broadway,23.75433044319744,29287.67,123294.02451495807
1008620029,37 East 32 Street,23.75333365443914,213524.29,898923.4652547203
1012850015,444 Madison Ave,23.737333842933708,181935.08,766451.1996327661
1008620016,152 Madison Ave,23.723325960219096,14615.93,61609.95310905813
1000800001,195 Broadway,23.71533326913065,450702.73,1900469.7293740443
1012630071,1212 6 Ave,23.71333465747355,26801.29,113022.02067794478
1008350041,Empire State Building,23.708333399988422,1166597.64,4920622.720787997
1008630004,341 5 Ave,23.683331598392716,48845.32,206243.44930978765
1008060026,115 West 30 St,23.677334863913444,22828.66,96415.66557726517
1008240015,37 West 22 St,23.650335152456904,63134.49,266949.6630513555
1012590001,1120 6 Ave,23.649333423765352,210059.4,888225.4575044813
1000680036,100 William St,23.63371622836174,272303.89,1152183.9704295872
1008330006,1255 Broadway,23.633329006342983,17273.41,73089.19532819082
1007870001,540 8 Ave,23.62133222140042,50400.53,213368.702186654
1012640030,Rockefeller Center,23.613333277222086,2405220.81,10185858.90336849
1000370023,133 Front Street,23.603333093991182,253451.79,1073796.60741441
1013740049,645 Madison Ave,23.60033507138331,62165.47,263409.2686055929
1008380072,40 West 37 St,23.593325153421457,7074.64,29985.769085092485
1008220009,37 West 20 St,23.592330943477076,32976.75,139777.4135968433
1001977502,139 Centre Street,23.573334484621437,68039.93,288630.9106774321
1008030021,121 West 27 St,23.55333265136083,34613.22,146956.78319645423
1006010047,120 Leroy St,23.54333286741754,60598.41,257390.95794658837
1000290070,75 Broad St,23.533285575457597,354085.26,1504614.63982432
1012860035,320 Park Ave,23.526333363705785,328311.25,1395505.3893204103
1008870082,192 Lexington Ave,23.522335275784982,22937.21,97512.46945116312
1008310042,274 5 Ave,23.513330999117102,31789.8,135199.04942942227
1013110001,445 Park Ave,23.50633367437411,179788.64,764851.9011537734
1010240038,1680 Broadway,23.495834505093836,386442.29,1644726.8128153537
1012730001,1400 6 Ave,23.493333779893984,99958.43,425475.7155221036
1007630024,315 West 39 St,23.47333701491935,23572.89,100424.11091792095
1012807501,420 Lexington Avenue,23.469871251287916,285734.57,1217452.652128717
1008000068,152 West 25 St,23.460003240327758,3401.44,14498.889727998514
1000050010,25 Water St,23.45333326235937,327466.86,1396248.696664183
1014840014,521 East 72 St,23.384326195949985,11395.79,48732.5993680916
1008280041,228 5 Ave,23.373333901494416,110870.89,474347.77797321964
1000110021,80 Broad St,23.362332845177388,196323.24,840340.9081663109
1008390060,22 West 38 St,23.35999798300393,6199.76,26540.07078472682
1001487501,212 Church Street,23.3533326037555,134540.7,576109.2101191769
1008220058,30 West 21 St,23.333341182230154,7439.29,31882.660703840822
1005320015,661 Broadway,23.333338302899612,22906.33,98169.964805908
1005640034,826 Broadway,23.333336667472867,29683.47,127214.85325062551
1005760046,60 5 Ave,23.333336488977253,33624.32,144104.2090825041
1005450006,708 Broadway,23.33333623981133,26993.34,115685.72844694181
1011020011,760 12 Ave,23.33333598427455,7880.67,33774.29616284255
1006030028,617 Washington St,23.33333556449655,50893.42,218114.63628645625
1008370001,960 6 Ave,23.333335495162476,38759.28,166111.18460982858
1008117501,469 7 Ave,23.333335444010945,50694.96,217264.0946325231
1005800065,171 Varick St,23.333335205501974,22962.96,98412.67781806589
1012790017,346 Madison Ave,23.333335106153516,40600.28,174001.18677973645
1013137502,732 Lexington Avenue,23.33333509852333,44585.24,191079.58554463828
1012630024,15 West 47 St,23.333335052777375,31565.64,135281.30431677288
1008020075,158 West 27 St,23.333335049328777,20779.86,89056.53630768812
1008180041,110 5 Ave,23.333334917948335,24466.61,104856.8928789512
1012917501,2 East 56 Street,23.333334859936567,66799.36,286282.9526982651
1010480033,4 Columbus Ave,23.33333483854006,54849.76,235070.38483587754
1013160012,219 East 42 Street,23.333334813951133,69295.04,296978.72401234345
1011190001,141 Columbus Avenue,23.333334780286446,39961.34,171262.87509388497
1009930036,1071 6 Ave,23.333334761776797,63299.02,271281.49767813075
1019860065,3280 Broadway,23.333334730101292,63058.75,270251.7695366138
1016340065,110 East 107 St,23.333334727249326,27778.77,119051.86431650154
1008930025,131 East 37 Street,23.333334715932715,64710.61,277331.16928123275
1005440001,393 Lafayette St,23.333334638844356,46680.94,200061.16023505502
1013390005,305 East 46 St,23.333334612046666,50095.53,214695.11680570678
1008630006,1 East 33 St,23.33333457495058,33341.69,142892.94953921356
1010750001,636 11 Ave,23.33333450356126,78435.11,336150.4545697436
1007890030,205 West 39 St,23.33333430052733,63319.45,271369.060180006
1019120012,109 West 127 Street,23.333334296155055,62270.7,266874.4175591791
1013397501,864 2 Ave,23.333334284308442,34724.08,148817.4796490692
1019980017,615 West 131 St,23.33333427404484,64762.01,277551.46023874916
1008410001,1040 6 Ave,23.33333405758709,46736.83,200300.6937827773
1001770002,250 Church Street,23.333333940298857,93803.39,402014.5181139021
1008880024,33 Irving Place,23.333333807162234,68581.47,293920.57974565437
1008200026,23 West 18 St,23.333333801763395,23731.15,101704.9265296438
1012590019,23 West 43 St,23.33333376519168,137669.57,590012.431937066
1013740021,637 Madison Ave,23.333333721252767,80917.43,346788.97994887776
1012930026,597 Madison Ave,23.333333685132402,78329.56,335698.10922435933
1007120001,444 West 15 St,23.33333367114792,53414.15,228917.7824000672
1009947504,1460 Broadway,23.33333363707798,75222.15,322380.63866051164
1012840052,425 Madison Ave,23.33333358384329,86248.51,369636.46746010217
1006620003,25 11 Ave,23.333333580922954,265019.64,1135798.4450909183
1002330026,148 Lafayette St,23.333333464850213,69635.58,298438.1983178717
1019510004,374 West 125 St,23.333333460993057,49782.03,213351.55597558283
1001280002,101 Barclay St,23.333333452207466,506782.07,2171923.146077765
1010127501,New York Times Building,23.33333341855796,502527.72,2153690.220705109
1013910014,974 Madison Ave,23.333333409717312,34384.71,147363.04237473535
1000860001,90 Church St,23.333333397238796,418545.77,1793767.5808015054
1010020001,Barclays Capital Building,23.333333395030003,700683.55,3002929.492059825
1001660027,80 Centre St,23.33333338440414,182689.43,782954.6982863089
1010850001,806 11 Ave,23.333333345732157,1254027.55,5374403.782858445
1006970047,518 West 26 St,23.333333279517387,45780.01,196200.04330965818
1004910046,155 6 Ave,23.333333273009195,70433.67,301858.58649468684
1005050036,161 6 Ave,23.333333252329822,178159.71,763541.6169364093
1007780043,330 7 Ave,23.333333217086157,46559.5,199540.7152798305
1000680011,75 Maiden Ln,23.33333318892713,68292.12,292680.51609706634
1009930055,1441 Broadway,23.333333188564797,123688.24,530092.4604317447
1001190001,1 Police Plaza,23.33333318247837,492194.62,2109405.52792347
1010030029,Time & Life Building,23.333333177650463,599061.36,2567405.845701476
1007120042,412 West 15 St,23.33333313580363,30298.78,129851.9153849833
1012840033,5 Manhattan West,23.33333313292364,423628.14,1815549.1870222995
1012840026,33 East 48 Street,23.33333313292364,423628.14,1815549.1870222995
1008360010,31 West 34 St,23.333333121688725,48011.72,205764.51615209787
1013407502,3 Dag Hammarskjold Plaza,23.333333110399074,57309.63,245612.70234666366
1000930001,81 Fulton St,23.333333100485852,369338.7,1582880.1586529855
1007840060,224 West 35 St,23.33333309134401,36605.22,156879.5159127072
1012970023,Chrysler Building,23.3333330890388,263929.82,1131127.8118426432
1010240015,1675 Broadway,23.333333074408046,139896.31,599555.620938862
1008397501,2 West 38 Street,23.33333300906311,151289.37,648383.0232964846
1010850023,513 West 56 St,23.333332958108592,252279.74,1081198.9031011104
1009620001,516 1 Ave,23.333332923630394,205619.72,881227.3869017765
1007290163,424 West 33 Street,23.3333328834225,34650.68,148502.91714913162
1004970018,100 Crosby St,23.333332853557124,23397.7,100275.85920471308
1008897501,3 Park Ave,23.333332784422797,192211.41,823763.2050930987
1008400042,424 5 Ave,23.333332736659184,101811.94,436336.8968721834
1005790047,4 Hudson Square,23.333332726674914,68806.33,294884.27909545845
1000420031,80 Maiden Ln,23.333332718206197,95394.64,408834.1822065
1013190012,227 East 45 St,23.333332650123086,58414.76,250348.97875889947
1019100001,125 West 125 St,23.333332640441057,87863.54,376558.0397534639
1008227507,160 5 Ave,23.333332628640445,44795.0,191978.57722654022
1012847501,609 5 Ave,23.333332435138026,42115.49,180494.96409084558
1007860076,252 West 37 St,23.333332357856705,28477.63,122046.99081659946
1007887501,214A West 39 Street,23.33333231389417,100961.15,432690.66176150594
1012820034,59 East 46 Street,23.33333231154482,66058.59,283108.2552547184
1002090028,261 Canal St,23.33333219988469,19239.0,82452.86114811787
1006980001,244 11 Ave,23.333332182653773,32140.02,137742.94964991414
1007890062,240 West 40 St,23.33333204674426,58798.58,251993.9281805415
1008780001,287 Park Ave South,23.33333198368656,31831.71,136421.6221766144
1000510007,68 Trinity Pl,23.333331829808763,48858.0,209391.4420639362
1008490070,915 Broadway,23.333331601844765,35822.92,153526.8113927108
1007880086,594 8 Ave,23.333331492804056,47562.91,203841.05893609018
1012640005,1230 6 Ave,23.333331467985104,58788.71,251951.63442760863
1015570008,309 East 94 St,23.333331427619562,30987.33,132802.85370360976
1010990021,609 West 51 St,23.333331126637002,44122.32,189095.67502614568
1012610042,2 West 46 St,23.333330456095744,25062.66,107411.41324492096
1005770019,34 West 14 St,23.33332870869865,16615.8,71210.58554241186
1008500025,33 East 21 St,23.333327176122886,15645.75,67053.23197975116
1007600055,320 West 37 St,23.333325725663794,14185.48,60794.93410747578
1005460021,19 West 4 St,23.333325587882708,11622.09,49808.97367684056
1008230024,Spero Building,23.333325553304395,12563.0,53841.44652377194
1008220062,38 West 21 St,23.333324492930938,9927.82,42547.81612027781
1008547501,1 East 24 Street,23.230311133163653,485412.13,2089563.6189178042
1008010008,159 West 25 St,23.051011463590378,4257.5,18469.90535198346
1000627501,105 Trinity Place,23.005366093000077,332090.54,1443535.124185858
1010430013,333 West 52 St,22.93600015090302,29881.4,130281.65243896519
1013370014,2 United Nations Plaza,22.895546147529064,188230.83,822128.5868750253
1010137501,640 8 Ave,22.85241931205309,237014.06,1037150.8450091814
1007020010,501 West 30 St,22.778900717514624,1083435.8,4756312.9293897385
1012930059,600 Madison Ave,22.77457175742543,217705.91,955916.5911825283
1012600071,1156 6 Ave,22.739996393648333,24880.26,109411.89070262772
1012580009,Grace Building,22.709669828443662,657573.44,2895565.8315049345
1013087502,101 East 53 Street,22.61033552609263,936973.36,4144004.6695402646
1013350005,320 East 43 St,22.598777398507348,221977.73,982255.4826114692
1012790065,6 East 45 St,22.549999388848565,60638.73,268907.90085780266
1006720001,601 West 26 St,22.52565700533334,602085.74,2672888.6969087995
1008110016,131 West 35 St,22.524999081648108,50786.5,225467.26779393083
1012750059,292 Madison Ave,22.48490763754752,40187.12,178729.30877817608
1007790066,242 West 30 St,22.401002363408303,14568.71,65035.973674989495
1010050029,1301 6 Ave,22.36125444758649,837279.1,3744329.737683253
1008090053,112 West 34 St,22.309191554523647,201465.58,903060.8729483463
1008000065,150 West 25 St,22.29998814920869,4274.47,19168.037092215578
1005540035,51 Astor Place,22.231861680874196,106175.22,477581.3268546074
1012930035,460 Park Ave,22.210004473921675,91565.77,412272.63194617454
1008710070,116 East 16 St,22.18000338284722,10508.79,47379.56896853728
1006920023,513 West 20 St,22.140003185554807,15301.27,69111.41733702765
1008380062,20 West 37 St,22.060030745981756,3003.17,13613.625631718707
1000890012,2 Ann Street,22.025659887516447,230936.43,1048488.1323845765
1007850075,260 West 36 St,22.023997061945668,8262.84,37517.44052979834
1008050019,135 West 29 St,22.0199888463604,4681.88,21261.95445722876
1008140019,1400 Broadway,21.988621223335965,326848.6,1486444.268970916
1005000011,120 Wooster St,21.960001610505174,10655.34,48521.58114097189
1012750061,18 East 41 St,21.95599685814554,16440.19,74877.90286279254
1008010051,114 West 26 St,21.916994845484126,13475.0,61481.969106619785
1010210026,750 7 Ave,21.863543844867937,319479.89,1461244.765564353
1008680010,7 East 38 St,21.768999398847644,45401.33,208559.5629278365
1012967501,118 East 42 Street,21.731652769863054,46273.56,212931.61863956836
1012610036,550 5 Ave,21.699997025250617,26292.63,121164.21015821012
1013360031,338 East 44 St,21.673934256357583,130689.09,602978.1600987609
1008690058,274 Madison Ave,21.66500097289242,55031.17,254009.54317452296
1008110062,152 West 36 St,21.660031452564866,2894.19,13361.891954488761
1008500012,928 Broadway,21.650999775638795,28499.67,131632.1199728946
1012687501,Museum Of Broadcasting,21.636152959181633,170670.63,788821.5170320901
1008410018,35 West 39 St,21.570005854880165,4658.99,21599.391448222133
1000670023,56 Nassau St,21.531510076483794,216747.5,1006652.5721144216
1010197502,1585 Broadway,21.45256586707344,585458.84,2729085.385998483
1007850015,247 West 35 St,21.416000431835393,29811.8,139203.39652068765
1007840051,212 West 35 St,21.329992539164046,13872.76,65038.7475500903
1008150026,1045 6 Ave,21.30543473181342,213103.49,1000230.6579634934
1001490033,277 Broadway,21.277997735467764,37843.74,177853.85857485645
1004840024,495 Broadway,21.208001126916304,31117.52,146725.3788500933
1014220005,205 East 67 St,21.190694336471594,58569.67,276393.35016594967
1008410081,60 West 40 St,21.168997294568115,21324.51,100734.62480658821
1008400028,21 West 38 St,21.159996702241656,7619.56,36009.2683719218
1007600012,347 West 36 St,21.13998277079765,5805.07,27460.14536974461
1008130001,501 7 Ave,21.056624685656477,98503.43,467802.5631862041
1000880005,20 Vesey St,21.02399537307997,18065.87,85929.76586711162
1012630014,37 West 47 St,20.9860018490852,23578.29,112352.46317786732
1008370036,3 West 35 St,20.929996073488827,12061.22,57626.479993837434
1008110010,147 West 35 St,20.92300563408042,18429.18,88080.93981479242
1007390001,111 8 Ave,20.917236587258415,2051742.73,9808861.325638993
1007800007,259 West 30 St,20.914001188497444,22779.31,108918.94762121589
1008340019,39 West 32 St,20.890012651716177,4066.93,19468.298405582296
1008260019,27 West 24 St,20.8629981533116,42903.08,205641.96806579287
1012840056,424 Madison Ave,20.829998507577425,30083.14,144422.18989625236
1008590072,112 Madison Ave,20.810001126016495,11265.32,54134.163337051374
1012610030,7 West 45 St,20.779998928727345,23896.36,114996.92604393949
1008270064,30 West 26 St,20.73800610347079,16407.71,79119.03351814495
1012810056,366 Madison Ave,20.714002178186934,30776.83,148579.83375327545
1005300001,670 Broadway,20.68000267376237,15972.11,77234.56448225956
1005297501,656 Broadway,20.679999953280085,25824.5,124876.69273859906
1008010061,134 West 26 St,20.670996356832486,12767.26,61764.12486174124
1008020022,127 West 26 St,20.49500363114784,19653.03,95891.81028556527
1008640025,185 Madison Ave,20.448002215443434,45770.48,223838.39515349656
1009930001,561 7 Ave,20.429990397048755,7371.4,36081.27001892691
1000890001,99 Nassau St,20.39399984304199,28289.97,138717.12375074846
1008380024,29 West 36 St,20.135013347898116,6921.53,34375.59181316626
1012630005,67 West 47 St,20.097999724583136,54752.1,272425.61822224146
1002320001,434 Broadway,20.00002361150332,3572.28,17861.378913299624
1002120018,52 Varick St,20.000015260077358,6046.04,30230.17693425807
1008220049,12 West 21 St,20.00001509775826,6015.52,30077.57729480045
1012920048,32 East 57 St,20.00001078693326,6442.74,32213.682625657773
1012630051,22 West 48 St,20.00000893354727,10341.38,51706.876903708544
1012910045,60 East 56 St,20.00000836215568,10799.09,53995.4274240915
1008460026,860 Broadway,20.000006681897545,6623.13,33115.638936234674
1007870020,241 West 37 St,20.00000625976554,4970.78,24853.892221023092
1008210038,142 5 Ave,20.00000607081463,14456.74,72283.67805895947
1008060009,145 West 30 St,20.000004972154127,12416.85,62084.23456538085
1012620054,30 West 47 St,20.00000484649026,5770.36,28851.793008503308
1010120023,215 West 40 St,20.00000381831126,8548.42,42742.09183986947
1008470016,873 Broadway,20.000003438361798,28427.33,142136.62556414286
1008400013,49 West 38 St,20.000003408226455,4560.98,22804.896113787487
1008737502,105 East 17 Street,20.000003372054493,25901.97,129509.82816429011
1006920019,521 West 20 Street,20.000003012004765,17236.09,86180.43702120565
1006970013,521 West 25 Street,20.00000233856206,9137.35,45686.74465793562
1008420023,5 Union Sq W,20.0000018348813,25214.6,126072.98843355157
1007890027,225 West 39 Street,20.000001795481992,18274.88,91374.39179694625
1008217501,40 West 20 Street,20.000001674285,28853.34,144266.68792282243
1012630059,42 West 48 St,20.00000164031637,6564.92,32824.59730786378
1008390034,5 West 37 St,20.000001633378414,34816.48,174082.38578287946
1008380008,63 West 36 St,20.00000121180879,6139.56,30697.79814000692
1005440008,411 Lafayette St,20.00000109630953,9920.75,49603.74728094696
1005230046,625 Broadway,20.000001072247535,24327.71,121638.54347866858
1007790075,400 8 Ave,20.00000105261018,14729.73,73648.64612383426
1005770071,55 West 13 St,20.00000098058483,49662.91,248314.53782532655
1012620056,36 West 47 St,20.00000035000135,71921.44,359607.1937068498
1008290007,49 West 27 St,20.000000332974814,29757.89,148789.44752284308
1008410075,39 West 39 Street,19.99999983876681,87053.37,435266.85350897314
1008430020,17 Union Square,19.999999677058153,28188.78,140943.9022758342
1009690005,656 1 Ave,19.999999609549267,186893.77,934468.8682432026
1008390016,39 West 37 St,19.999999371322698,11005.99,55029.95172980408
1008340039,320 5 Ave,19.99999915802582,24099.41,120497.05507277045
1012897501,2 East 54 Street,19.9999990599043,37472.52,187362.6088069391
1008410027,15 West 39 St,19.999998828039924,28077.39,140386.9582263955
1008120029,1352 Broadway,19.99999865785704,43471.92,217359.6145863838
1012930001,737 5 Ave,19.99999841435999,28080.5,140402.51113139195
1016340003,105 East 106 St,19.9999982406655,34358.01,171790.0651118094
1004827504,194 Lafayette Street,19.999998217634577,50521.86,252609.3225121061
1008360007,43 West 34 St,19.99999730330681,18985.46,94927.31279949189
1010540041,420 West 45 St,19.999996750788416,5983.29,29916.454860244587
1008000061,138 West 25 St,19.999995032608496,13006.35,65031.76615191214
1012680021,23 West 52 Street,19.99999497979693,14423.13,72115.66810176491
1008280056,12 West 27 St,19.99999445373919,17131.58,85657.92375405927
1008680012,9 East 38 St,19.999994364499603,16794.1,83970.52366079597
1005010015,130 Prince St,19.99999387828414,15392.0,76960.02355636984
1008040011,145 West 28 St,19.999986335607783,6426.03,32130.171951963574
1007790049,208 West 30 St,19.999974252048112,3806.76,19033.82450409988
1010130041,218 West 42 Street,19.852233879228685,39779.37,200377.29880676555
1010287502,1758 Broadway,19.490762247130093,30549.54,156738.55959378014
1001137501,29 Ave of the Finest,19.435294419499296,575376.69,2960473.237918786
1000160225,1 North End Ave,18.395338708355048,275435.49,1497311.3263464884
1013180038,216 East 45 St,17.51763253732513,59046.42,337068.4929837907
1002127504,6 St Johns Lane,15.93797342365712,95351.34,598265.1461726476
1005050001,150 Varick St,15.365956647677791,60093.39,391081.3454564947
1006870029,85 10 Ave,13.261576968011948,309476.42,2333632.1219300195
1008410031,1 West 39 St,11.867250692973005,35528.93,299386.36099629937
1002310035,451 Broadway,10.576509781954039,3944.01,37290.278941824356
1001920001,16 Walker St,9.565082460866234,604349.84,6318292.000853998
